id,parent_id,cefr_candidate,outcome
CONTACT.Pre-A1.s1,CONTACT.Pre-A1,Pre-A1,回应问候
CONTACT.Pre-A1.s2,CONTACT.Pre-A1,Pre-A1,主动问候
CONTACT.Pre-A1.s3,CONTACT.Pre-A1,Pre-A1,回应告别
CONTACT.A1.s1,CONTACT.A1,A1,说出姓名与身份
CONTACT.A1.s2,CONTACT.A1,A1,询问对方姓名
CONTACT.A1.s3,CONTACT.A1,A1,回应介绍
CONTACT.A2.s1,CONTACT.A2,A2,用熟悉话题开场
CONTACT.A2.s2,CONTACT.A2,A2,回应对方信息
CONTACT.A2.s3,CONTACT.A2,A2,问一个相关问题
CONTACT.B1.s1,CONTACT.B1,B1,承接上一条信息追问
CONTACT.B1.s2,CONTACT.B1,B1,补充自己的相关经历
CONTACT.B1.s3,CONTACT.B1,B1,用过渡表达换话题
CONTACT.B2.s1,CONTACT.B2,B2,判断加入交谈的时机
CONTACT.B2.s2,CONTACT.B2,B2,联系他人发言接话
CONTACT.B2.s3,CONTACT.B2,B2,维持并适当地结束交谈
CONTACT.C1.s1,CONTACT.C1,C1,识别加入或结束的间接信号
CONTACT.C1.s2,CONTACT.C1,C1,在多人轮次间自然接话
CONTACT.C1.s3,CONTACT.C1,C1,根据关系调整开场和退出
CONTACT.C2.s1,CONTACT.C2,C2,识别含蓄社交意图
CONTACT.C2.s2,CONTACT.C2,C2,传达细微态度并保留余地
CONTACT.C2.s3,CONTACT.C2,C2,澄清暗示而不破坏交谈
INFO.Pre-A1.s1,INFO.Pre-A1,Pre-A1,说出姓名
INFO.Pre-A1.s2,INFO.Pre-A1,Pre-A1,识别所问的数字
INFO.Pre-A1.s3,INFO.Pre-A1,Pre-A1,用词或短语回应
INFO.A1.s1,INFO.A1,A1,询问时间与地点
INFO.A1.s2,INFO.A1,A1,提供联系方式
INFO.A1.s3,INFO.A1,A1,核对听到的信息
INFO.A2.s1,INFO.A2,A2,询问与说明日程
INFO.A2.s2,INFO.A2,A2,获取与说明路线
INFO.A2.s3,INFO.A2,A2,核对数量和单位
INFO.B1.s1,INFO.B1,B1,发现缺失的关键细节
INFO.B1.s2,INFO.B1,B1,提出针对性追问
INFO.B1.s3,INFO.B1,B1,复述核查所得信息
INFO.B2.s1,INFO.B2,B2,区分各来源的说法
INFO.B2.s2,INFO.B2,B2,指出具体矛盾
INFO.B2.s3,INFO.B2,B2,提出核查问题
INFO.C1.s1,INFO.C1,C1,明确结论适用范围
INFO.C1.s2,INFO.C1,C1,说明信息来源和可信程度
INFO.C1.s3,INFO.C1,C1,追问隐含条件
INFO.C2.s1,INFO.C2,C2,区分事实推断和概括
INFO.C2.s2,INFO.C2,C2,精确说明例外与边界
INFO.C2.s3,INFO.C2,C2,修正过度概括
DESCRIBE.Pre-A1.s1,DESCRIBE.Pre-A1,Pre-A1,指出所指人物
DESCRIBE.Pre-A1.s2,DESCRIBE.Pre-A1,Pre-A1,说出物品名称
DESCRIBE.Pre-A1.s3,DESCRIBE.Pre-A1,Pre-A1,用词说明一个属性
DESCRIBE.A1.s1,DESCRIBE.A1,A1,说明人物基本特征
DESCRIBE.A1.s2,DESCRIBE.A1,A1,描述物品属性
DESCRIBE.A1.s3,DESCRIBE.A1,A1,说明熟悉地点的位置和特点
DESCRIBE.A2.s1,DESCRIBE.A2,A2,说明生活习惯和频率
DESCRIBE.A2.s2,DESCRIBE.A2,A2,描述周围环境
DESCRIBE.A2.s3,DESCRIBE.A2,A2,回应关于描述的追问
DESCRIBE.B1.s1,DESCRIBE.B1,B1,说明变化前后的差异
DESCRIBE.B1.s2,DESCRIBE.B1,B1,给出变化的具体例子
DESCRIBE.B1.s3,DESCRIBE.B1,B1,解释变化对自己的影响
DESCRIBE.B2.s1,DESCRIBE.B2,B2,选择描述的组织顺序
DESCRIBE.B2.s2,DESCRIBE.B2,B2,突出主要特点
DESCRIBE.B2.s3,DESCRIBE.B2,B2,用细节说明复杂现象
DESCRIBE.C1.s1,DESCRIBE.C1,C1,判断听者需要的背景
DESCRIBE.C1.s2,DESCRIBE.C1,C1,重组复杂描述
DESCRIBE.C1.s3,DESCRIBE.C1,C1,核查并补充听者不理解的部分
DESCRIBE.C2.s1,DESCRIBE.C2,C2,选择精确的感官或概念细节
DESCRIBE.C2.s2,DESCRIBE.C2,C2,保持描述视角与风格
DESCRIBE.C2.s3,DESCRIBE.C2,C2,解释细微差别
NEEDS.Pre-A1.s1,NEEDS.Pre-A1,Pre-A1,指出所需物品
NEEDS.Pre-A1.s2,NEEDS.Pre-A1,Pre-A1,表达想要
NEEDS.Pre-A1.s3,NEEDS.Pre-A1,Pre-A1,表达不想要
NEEDS.A1.s1,NEEDS.A1,A1,表达喜欢或不喜欢
NEEDS.A1.s2,NEEDS.A1,A1,说明基本感受
NEEDS.A1.s3,NEEDS.A1,A1,提出即时需求
NEEDS.A2.s1,NEEDS.A2,A2,说明更喜欢哪一项
NEEDS.A2.s2,NEEDS.A2,A2,给出一个偏好理由
NEEDS.A2.s3,NEEDS.A2,A2,回应对方偏好
NEEDS.B1.s1,NEEDS.B1,B1,说明感受发生的变化
NEEDS.B1.s2,NEEDS.B1,B1,解释与感受相关的经历
NEEDS.B1.s3,NEEDS.B1,B1,询问并回应对方体验
NEEDS.B2.s1,NEEDS.B2,B2,区分同时存在的不同感受
NEEDS.B2.s2,NEEDS.B2,B2,说明相互冲突的需要
NEEDS.B2.s3,NEEDS.B2,B2,表达权衡后的优先选择
NEEDS.C1.s1,NEEDS.C1,C1,表达敏感感受而不臆测对方
NEEDS.C1.s2,NEEDS.C1,C1,说明期待的回应
NEEDS.C1.s3,NEEDS.C1,C1,核查对方对感受的理解
NEEDS.C2.s1,NEEDS.C2,C2,区分细微情绪
NEEDS.C2.s2,NEEDS.C2,C2,表达保留或不确定的意见
NEEDS.C2.s3,NEEDS.C2,C2,调节表达强度
STORY.A1.s1,STORY.A1,A1,说出日常活动
STORY.A1.s2,STORY.A1,A1,标明简单先后顺序
STORY.A1.s3,STORY.A1,A1,补充时间信息
STORY.A2.s1,STORY.A2,A2,标明过去的时间与事件
STORY.A2.s2,STORY.A2,A2,按顺序简述经历
STORY.A2.s3,STORY.A2,A2,另行说明未来计划
STORY.B1.s1,STORY.B1,B1,交代事件背景
STORY.B1.s2,STORY.B1,B1,连接原因与结果
STORY.B1.s3,STORY.B1,B1,回应经历相关追问
STORY.B2.s1,STORY.B2,B2,组织多个事件
STORY.B2.s2,STORY.B2,B2,突出关键转折
STORY.B2.s3,STORY.B2,B2,解释事件后果
STORY.C1.s1,STORY.C1,C1,根据沟通目的调整结构
STORY.C1.s2,STORY.C1,C1,补充复杂经历的必要背景
STORY.C1.s3,STORY.C1,C1,回应对叙述关系的质疑
STORY.C2.s1,STORY.C2,C2,保持并调整叙述视角
STORY.C2.s2,STORY.C2,C2,用修辞传达微妙意义
STORY.C2.s3,STORY.C2,C2,区分事实叙述与态度
EXPLAIN.A1.s1,EXPLAIN.A1,A1,说明物品所在位置
EXPLAIN.A1.s2,EXPLAIN.A1,A1,说明物品用途
EXPLAIN.A1.s3,EXPLAIN.A1,A1,回应简单用途问题
EXPLAIN.A2.s1,EXPLAIN.A2,A2,按顺序说明操作步骤
EXPLAIN.A2.s2,EXPLAIN.A2,A2,描述观察到的问题
EXPLAIN.A2.s3,EXPLAIN.A2,A2,确认对方理解步骤
EXPLAIN.B1.s1,EXPLAIN.B1,B1,描述故障现象
EXPLAIN.B1.s2,EXPLAIN.B1,B1,解释已知原因并说明不确定处
EXPLAIN.B1.s3,EXPLAIN.B1,B1,提出并说明可行处理办法
EXPLAIN.B2.s1,EXPLAIN.B2,B2,区分多个影响因素
EXPLAIN.B2.s2,EXPLAIN.B2,B2,说明条件和限制
EXPLAIN.B2.s3,EXPLAIN.B2,B2,解释因素之间的关系
EXPLAIN.C1.s1,EXPLAIN.C1,C1,根据听者背景选择解释方式
EXPLAIN.C1.s2,EXPLAIN.C1,C1,分段说明复杂过程
EXPLAIN.C1.s3,EXPLAIN.C1,C1,用改述或例子消除理解障碍
EXPLAIN.C2.s1,EXPLAIN.C2,C2,精确表达机制与条件关系
EXPLAIN.C2.s2,EXPLAIN.C2,C2,说明例外和反例
EXPLAIN.C2.s3,EXPLAIN.C2,C2,修正易引起误解的解释
REQUEST.Pre-A1.s1,REQUEST.Pre-A1,Pre-A1,吸引对方注意
REQUEST.Pre-A1.s2,REQUEST.Pre-A1,Pre-A1,请求具体帮助
REQUEST.Pre-A1.s3,REQUEST.Pre-A1,Pre-A1,回应帮助提议
REQUEST.A1.s1,REQUEST.A1,A1,提出简单请求
REQUEST.A1.s2,REQUEST.A1,A1,接受请求
REQUEST.A1.s3,REQUEST.A1,A1,拒绝请求
REQUEST.A2.s1,REQUEST.A2,A2,发出包含活动的邀请
REQUEST.A2.s2,REQUEST.A2,A2,接受或婉拒邀请
REQUEST.A2.s3,REQUEST.A2,A2,提出替代活动或时间
REQUEST.B1.s1,REQUEST.B1,B1,根据关系选择请求语气
REQUEST.B1.s2,REQUEST.B1,B1,说明请求原因
REQUEST.B1.s3,REQUEST.B1,B1,回应对方的追问
REQUEST.B2.s1,REQUEST.B2,B2,说明请求范围
REQUEST.B2.s2,REQUEST.B2,B2,协商可接受的范围
REQUEST.B2.s3,REQUEST.B2,B2,根据负担程度调整礼貌
REQUEST.C1.s1,REQUEST.C1,C1,提出敏感请求
REQUEST.C1.s2,REQUEST.C1,C1,明确对方可以拒绝或选择
REQUEST.C1.s3,REQUEST.C1,C1,回应保留意见
REQUEST.C2.s1,REQUEST.C2,C2,判断关系和权力对表达的影响
REQUEST.C2.s2,REQUEST.C2,C2,用含蓄方式提出请求
REQUEST.C2.s3,REQUEST.C2,C2,澄清真实请求范围
ARRANGE.A1.s1,ARRANGE.A1,A1,提出一个时间或地点
ARRANGE.A1.s2,ARRANGE.A1,A1,理解对方提议
ARRANGE.A1.s3,ARRANGE.A1,A1,确认最终安排
ARRANGE.A2.s1,ARRANGE.A2,A2,说明原时间不方便
ARRANGE.A2.s2,ARRANGE.A2,A2,提出可行替代时间
ARRANGE.A2.s3,ARRANGE.A2,A2,核对双方最终安排
ARRANGE.B1.s1,ARRANGE.B1,B1,获取各方限制条件
ARRANGE.B1.s2,ARRANGE.B1,B1,提出满足限制的共同计划
ARRANGE.B1.s3,ARRANGE.B1,B1,确认职责和时间
ARRANGE.B2.s1,ARRANGE.B2,B2,比较不同方案
ARRANGE.B2.s2,ARRANGE.B2,B2,表达可接受的取舍
ARRANGE.B2.s3,ARRANGE.B2,B2,确认协商结果
ARRANGE.C1.s1,ARRANGE.C1,C1,澄清各方利益与分歧
ARRANGE.C1.s2,ARRANGE.C1,C1,提出调整方案
ARRANGE.C1.s3,ARRANGE.C1,C1,核查各方是否同意
ARRANGE.C2.s1,ARRANGE.C2,C2,澄清模糊目标
ARRANGE.C2.s2,ARRANGE.C2,C2,明确冲突与权衡
ARRANGE.C2.s3,ARRANGE.C2,C2,总结并促成可执行决定
SERVICE.Pre-A1.s1,SERVICE.Pre-A1,Pre-A1,说出所需物品
SERVICE.Pre-A1.s2,SERVICE.Pre-A1,Pre-A1,说明数量
SERVICE.Pre-A1.s3,SERVICE.Pre-A1,Pre-A1,回应简单确认
SERVICE.A1.s1,SERVICE.A1,A1,说明要买或点的东西
SERVICE.A1.s2,SERVICE.A1,A1,询问价格
SERVICE.A1.s3,SERVICE.A1,A1,核对商品数量与价格
SERVICE.A2.s1,SERVICE.A2,A2,询价并核对费用范围
SERVICE.A2.s2,SERVICE.A2,A2,完成预订并确认条件
SERVICE.A2.s3,SERVICE.A2,A2,问路并核对关键路线
SERVICE.B1.s1,SERVICE.B1,B1,说明预订与实际的差异
SERVICE.B1.s2,SERVICE.B1,B1,提出退换请求并说明原因
SERVICE.B1.s3,SERVICE.B1,B1,描述服务故障并请求处理
SERVICE.B2.s1,SERVICE.B2,B2,组织复杂问题的事实和时间线
SERVICE.B2.s2,SERVICE.B2,B2,提出处理诉求及理由
SERVICE.B2.s3,SERVICE.B2,B2,协商并确认解决方案
SERVICE.C1.s1,SERVICE.C1,C1,指出不明确的条款
SERVICE.C1.s2,SERVICE.C1,C1,核查责任和例外
SERVICE.C1.s3,SERVICE.C1,C1,复述确认最终理解
COMPARE.A1.s1,COMPARE.A1,A1,指出共同属性
COMPARE.A1.s2,COMPARE.A1,A1,说明一项差异
COMPARE.A1.s3,COMPARE.A1,A1,表达简单选择
COMPARE.A2.s1,COMPARE.A2,A2,按同一标准比较价格
COMPARE.A2.s2,COMPARE.A2,A2,按位置等标准比较
COMPARE.A2.s3,COMPARE.A2,A2,说明比较后的偏好
COMPARE.B1.s1,COMPARE.B1,B1,按多个标准比较选择
COMPARE.B1.s2,COMPARE.B1,B1,给出推荐及理由
COMPARE.B1.s3,COMPARE.B1,B1,回应推荐相关追问
COMPARE.B2.s1,COMPARE.B2,B2,比较短期与长期影响
COMPARE.B2.s2,COMPARE.B2,B2,说明风险和收益
COMPARE.B2.s3,COMPARE.B2,B2,表达权衡及条件
COMPARE.C1.s1,COMPARE.C1,C1,区分证据与主张
COMPARE.C1.s2,COMPARE.C1,C1,说明证据的局限
COMPARE.C1.s3,COMPARE.C1,C1,给出有条件的推荐
COMPARE.C2.s1,COMPARE.C2,C2,识别隐性权衡
COMPARE.C2.s2,COMPARE.C2,C2,精确说明条件变化的影响
COMPARE.C2.s3,COMPARE.C2,C2,限定比较结论
OPINION.A1.s1,OPINION.A1,A1,表达赞同
OPINION.A1.s2,OPINION.A1,A1,表达不赞同
OPINION.A1.s3,OPINION.A1,A1,回应对方立场
OPINION.A2.s1,OPINION.A2,A2,说出自己的观点
OPINION.A2.s2,OPINION.A2,A2,给出一个原因
OPINION.A2.s3,OPINION.A2,A2,询问对方观点
OPINION.B1.s1,OPINION.B1,B1,组织观点与理由
OPINION.B1.s2,OPINION.B1,B1,给出相关例子
OPINION.B1.s3,OPINION.B1,B1,回应针对观点的追问
OPINION.B2.s1,OPINION.B2,B2,建立论点与证据联系
OPINION.B2.s2,OPINION.B2,B2,准确理解反对意见
OPINION.B2.s3,OPINION.B2,B2,回应反对意见并限定结论
OPINION.C1.s1,OPINION.C1,C1,区分复杂议题的不同论点
OPINION.C1.s2,OPINION.C1,C1,说明论证的条件与假设
OPINION.C1.s3,OPINION.C1,C1,回应抽象议题的质疑
OPINION.C2.s1,OPINION.C2,C2,区分细微立场差异
OPINION.C2.s2,OPINION.C2,C2,公平重述对方论证
OPINION.C2.s3,OPINION.C2,C2,调整或反驳论证中的具体环节
RELATE.Pre-A1.s1,RELATE.Pre-A1,Pre-A1,回应感谢
RELATE.Pre-A1.s2,RELATE.Pre-A1,Pre-A1,回应简单道歉
RELATE.Pre-A1.s3,RELATE.Pre-A1,Pre-A1,用熟悉礼貌表达结束回应
RELATE.A1.s1,RELATE.A1,A1,表达感谢并回应
RELATE.A1.s2,RELATE.A1,A1,表达道歉并回应
RELATE.A1.s3,RELATE.A1,A1,祝贺并回应祝贺
RELATE.A2.s1,RELATE.A2,A2,婉拒提议
RELATE.A2.s2,RELATE.A2,A2,表达关心
RELATE.A2.s3,RELATE.A2,A2,解释简单理由
RELATE.B1.s1,RELATE.B1,B1,说明具体分歧
RELATE.B1.s2,RELATE.B1,B1,核查误会发生在哪里
RELATE.B1.s3,RELATE.B1,B1,解释原意并修复误会
RELATE.B2.s1,RELATE.B2,B2,表达个人边界
RELATE.B2.s2,RELATE.B2,B2,给出具体建设性反馈
RELATE.B2.s3,RELATE.B2,B2,回应反馈并协商后续
RELATE.C1.s1,RELATE.C1,C1,识别隐含立场
RELATE.C1.s2,RELATE.C1,C1,表达敏感分歧
RELATE.C1.s3,RELATE.C1,C1,调整语气并核查理解
RELATE.C2.s1,RELATE.C2,C2,区分立场与关系信号
RELATE.C2.s2,RELATE.C2,C2,精确调节语气和表达强度
RELATE.C2.s3,RELATE.C2,C2,回应高敏感交流中的含蓄意图
COLLAB.A2.s1,COLLAB.A2,A2,理解共同任务
COLLAB.A2.s2,COLLAB.A2,A2,轮流贡献相关信息
COLLAB.A2.s3,COLLAB.A2,A2,确认共同结果
COLLAB.B1.s1,COLLAB.B1,B1,汇报完成情况
COLLAB.B1.s2,COLLAB.B1,B1,澄清任务要求
COLLAB.B1.s3,COLLAB.B1,B1,承接他人发言
COLLAB.B2.s1,COLLAB.B2,B2,在多人讨论中贡献相关意见
COLLAB.B2.s2,COLLAB.B2,B2,总结行动事项
COLLAB.B2.s3,COLLAB.B2,B2,确认责任人和期限
COLLAB.C1.s1,COLLAB.C1,C1,提出议程并组织讨论
COLLAB.C1.s2,COLLAB.C1,C1,帮助他人加入发言
COLLAB.C1.s3,COLLAB.C1,C1,总结分歧和共识
COLLAB.C2.s1,COLLAB.C2,C2,跟进快速复杂讨论
COLLAB.C2.s2,COLLAB.C2,C2,重构分歧双方的意思
COLLAB.C2.s3,COLLAB.C2,C2,促成共同理解并核对
REPAIR.Pre-A1.s1,REPAIR.Pre-A1,Pre-A1,表示没听懂
REPAIR.Pre-A1.s2,REPAIR.Pre-A1,Pre-A1,请求帮助
REPAIR.Pre-A1.s3,REPAIR.Pre-A1,Pre-A1,在支持下重新回应
REPAIR.A1.s1,REPAIR.A1,A1,请求重复
REPAIR.A1.s2,REPAIR.A1,A1,请求放慢
REPAIR.A1.s3,REPAIR.A1,A1,请求拼写关键词
REPAIR.A2.s1,REPAIR.A2,A2,复述确认关键意思
REPAIR.A2.s2,REPAIR.A2,A2,指出不理解的词或部分
REPAIR.A2.s3,REPAIR.A2,A2,缺词时用简单描述补足
REPAIR.B1.s1,REPAIR.B1,B1,指出误解的具体位置
REPAIR.B1.s2,REPAIR.B1,B1,换一种说法解释
REPAIR.B1.s3,REPAIR.B1,B1,核查误解是否解决
REPAIR.B2.s1,REPAIR.B2,B2,追问歧义中的指代或条件
REPAIR.B2.s2,REPAIR.B2,B2,区别多种可能理解
REPAIR.B2.s3,REPAIR.B2,B2,复述核查正确理解
REPAIR.C1.s1,REPAIR.C1,C1,定位复杂理解障碍
REPAIR.C1.s2,REPAIR.C1,C1,分段重新组织意思
REPAIR.C1.s3,REPAIR.C1,C1,逐段确认理解
REPAIR.C2.s1,REPAIR.C2,C2,自然重构复杂表达
REPAIR.C2.s2,REPAIR.C2,C2,保留细微限定和态度
REPAIR.C2.s3,REPAIR.C2,C2,确认改述未改变原意
LISTEN.Pre-A1.s1,LISTEN.Pre-A1,Pre-A1,识别熟悉问题
LISTEN.Pre-A1.s2,LISTEN.Pre-A1,Pre-A1,识别所需数字
LISTEN.Pre-A1.s3,LISTEN.Pre-A1,Pre-A1,选择与听到内容匹配的回应
LISTEN.A1.s1,LISTEN.A1,A1,识别短问句的询问信息
LISTEN.A1.s2,LISTEN.A1,A1,理解慢速简单指令
LISTEN.A1.s3,LISTEN.A1,A1,依据指令行动
LISTEN.A2.s1,LISTEN.A2,A2,识别短对话的沟通意图
LISTEN.A2.s2,LISTEN.A2,A2,提取时间数量等关键细节
LISTEN.A2.s3,LISTEN.A2,A2,区分否定或改变条件的信息
LISTEN.B1.s1,LISTEN.B1,B1,理解熟悉话题主旨
LISTEN.B1.s2,LISTEN.B1,B1,连接关键细节
LISTEN.B1.s3,LISTEN.B1,B1,针对遗漏提出追问
LISTEN.B2.s1,LISTEN.B2,B2,跟进较长解释的结构
LISTEN.B2.s2,LISTEN.B2,B2,区分说话者观点
LISTEN.B2.s3,LISTEN.B2,B2,理解理由与结论的关系
LISTEN.C1.s1,LISTEN.C1,C1,识别未明说的立场
LISTEN.C1.s2,LISTEN.C1,C1,利用语体和语调理解态度
LISTEN.C1.s3,LISTEN.C1,C1,连接未明确标示的信息关系
LISTEN.C2.s1,LISTEN.C2,C2,跟进快速复杂交流
LISTEN.C2.s2,LISTEN.C2,C2,区分细微含义与限定
LISTEN.C2.s3,LISTEN.C2,C2,核查推断与原话的区别
MEDIA.A1.s1,MEDIA.A1,A1,识别公告主题
MEDIA.A1.s2,MEDIA.A1,A1,提取时间
MEDIA.A1.s3,MEDIA.A1,A1,提取地点并采取相应行动
MEDIA.A2.s1,MEDIA.A2,A2,识别常见公告目的
MEDIA.A2.s2,MEDIA.A2,A2,提取语音消息关键细节
MEDIA.A2.s3,MEDIA.A2,A2,依据消息采取行动
MEDIA.B1.s1,MEDIA.B1,B1,概括熟悉主题音频主旨
MEDIA.B1.s2,MEDIA.B1,B1,提取相关细节
MEDIA.B1.s3,MEDIA.B1,B1,区分事件顺序
MEDIA.B2.s1,MEDIA.B2,B2,区分访谈中各方观点
MEDIA.B2.s2,MEDIA.B2,B2,识别观点的论据
MEDIA.B2.s3,MEDIA.B2,B2,概括节目主要信息
MEDIA.C1.s1,MEDIA.C1,C1,识别长音频的隐含结构
MEDIA.C1.s2,MEDIA.C1,C1,追踪主题转换
MEDIA.C1.s3,MEDIA.C1,C1,理解未明确表达的态度
MEDIA.C2.s1,MEDIA.C2,C2,跟进快速密集信息
MEDIA.C2.s2,MEDIA.C2,C2,识别修辞与立场
MEDIA.C2.s3,MEDIA.C2,C2,解释字面意义和意图的差别
PHONE.A1.s1,PHONE.A1,A1,识别来电者与目的
PHONE.A1.s2,PHONE.A1,A1,在支持下提供简单信息
PHONE.A1.s3,PHONE.A1,A1,确认并结束通话
PHONE.A2.s1,PHONE.A2,A2,说明预约需求并商定时间
PHONE.A2.s2,PHONE.A2,A2,留下简短语音消息
PHONE.A2.s3,PHONE.A2,A2,听取并核对留言
PHONE.B1.s1,PHONE.B1,B1,说明熟悉事项的来电目的
PHONE.B1.s2,PHONE.B1,B1,请求重复或澄清听不清的部分
PHONE.B1.s3,PHONE.B1,B1,确认通话结果
PHONE.B2.s1,PHONE.B2,B2,说明通信故障并恢复交流
PHONE.B2.s2,PHONE.B2,B2,协调多个远程限制条件
PHONE.B2.s3,PHONE.B2,B2,总结并确认安排
PHONE.C1.s1,PHONE.C1,C1,管理远程会议发言轮次
PHONE.C1.s2,PHONE.C1,C1,澄清多方信息
PHONE.C1.s3,PHONE.C1,C1,总结决议并核查理解
MEDIATE.A1.s1,MEDIATE.A1,A1,提取要转告的时间
MEDIATE.A1.s2,MEDIATE.A1,A1,提取价格或地点
MEDIATE.A1.s3,MEDIATE.A1,A1,准确转告给另一人
MEDIATE.A2.s1,MEDIATE.A2,A2,提取简短消息的关键事实
MEDIATE.A2.s2,MEDIATE.A2,A2,转述指令的必要步骤
MEDIATE.A2.s3,MEDIATE.A2,A2,核对接收者理解
MEDIATE.B1.s1,MEDIATE.B1,B1,概括他人的主要意见
MEDIATE.B1.s2,MEDIATE.B1,B1,区分原意见与自己的解释
MEDIATE.B1.s3,MEDIATE.B1,B1,根据第三人的需要改述
MEDIATE.B2.s1,MEDIATE.B2,B2,分别呈现不同人的意见
MEDIATE.B2.s2,MEDIATE.B2,B2,指出分歧和共同点
MEDIATE.B2.s3,MEDIATE.B2,B2,转述以帮助澄清
MEDIATE.C1.s1,MEDIATE.C1,C1,定位复杂讨论的理解障碍
MEDIATE.C1.s2,MEDIATE.C1,C1,调整语言帮助各方理解
MEDIATE.C1.s3,MEDIATE.C1,C1,核查共同理解是否建立
MEDIATE.C2.s1,MEDIATE.C2,C2,精确重述复杂含蓄信息
MEDIATE.C2.s2,MEDIATE.C2,C2,保持原有立场和限定
MEDIATE.C2.s3,MEDIATE.C2,C2,消除歧义并核查各方理解
SOUND.CONTRAST.s1,SOUND.CONTRAST,A1,听辨意义相关音差
SOUND.CONTRAST.s2,SOUND.CONTRAST,A1,在词中说出区别
SOUND.CONTRAST.s3,SOUND.CONTRAST,A1,在沟通中保持可理解
SOUND.ENDING.s1,SOUND.ENDING,A1,听出词尾的关键意义
SOUND.ENDING.s2,SOUND.ENDING,A1,说清必要词尾
SOUND.ENDING.s3,SOUND.ENDING,A1,核查是否造成数量或时间误解
SOUND.SYLLABLE.s1,SOUND.SYLLABLE,A1,辨识音节与词重音
SOUND.SYLLABLE.s2,SOUND.SYLLABLE,A1,根据声音说出陌生词
SOUND.SYLLABLE.s3,SOUND.SYLLABLE,A1,在句中保持词可识别
SOUND.STRESS.s1,SOUND.STRESS,A2,识别对方强调的信息
SOUND.STRESS.s2,SOUND.STRESS,A2,突出自己的焦点
SOUND.STRESS.s3,SOUND.STRESS,A2,用对比重音纠正误解
SOUND.REDUCTION.s1,SOUND.REDUCTION,A2,识别常见缩略形式
SOUND.REDUCTION.s2,SOUND.REDUCTION,A2,听辨熟悉词的弱读连读
SOUND.REDUCTION.s3,SOUND.REDUCTION,A2,在原速新句中识别
SOUND.GROUP.s1,SOUND.GROUP,B1,按意义切分信息
SOUND.GROUP.s2,SOUND.GROUP,B1,在合适边界停顿
SOUND.GROUP.s3,SOUND.GROUP,B1,保持组块之间的关系
SOUND.INTONATION.s1,SOUND.INTONATION,B1,识别疑问和态度信号
SOUND.INTONATION.s2,SOUND.INTONATION,B1,用语调标示表达意图
SOUND.INTONATION.s3,SOUND.INTONATION,B1,用语调标示结束或继续
SOUND.VARIETY.s1,SOUND.VARIETY,B2,识别不同口音下的熟悉信息
SOUND.VARIETY.s2,SOUND.VARIETY,B2,适应新说话者
SOUND.VARIETY.s3,SOUND.VARIETY,B2,利用澄清修复理解
LEX.RETRIEVE.s1,LEX.RETRIEVE,A1,从意图提取已知表达
LEX.RETRIEVE.s2,LEX.RETRIEVE,A1,遮住答案独立说出
LEX.RETRIEVE.s3,LEX.RETRIEVE,A1,换情境后仍可提取
LEX.CHUNK.s1,LEX.CHUNK,A2,理解表达块的功能
LEX.CHUNK.s2,LEX.CHUNK,A2,替换可变部分
LEX.CHUNK.s3,LEX.CHUNK,A2,组合表达块完成新意思
LEX.PARAPHRASE.s1,LEX.PARAPHRASE,B1,描述缺失词的特征或用途
LEX.PARAPHRASE.s2,LEX.PARAPHRASE,B1,用更熟悉词改述
LEX.PARAPHRASE.s3,LEX.PARAPHRASE,B1,确认对方理解
LEX.REGISTER.s1,LEX.REGISTER,B2,判断对象与关系
LEX.REGISTER.s2,LEX.REGISTER,B2,选择合适搭配和语气
LEX.REGISTER.s3,LEX.REGISTER,B2,解释或修正不适切表达
FORM.QUESTION.s1,FORM.QUESTION,A1,识别所需询问信息
FORM.QUESTION.s2,FORM.QUESTION,A1,构造可理解问句
FORM.QUESTION.s3,FORM.QUESTION,A1,根据回应继续追问
FORM.TIME.s1,FORM.TIME,A2,识别事件时间
FORM.TIME.s2,FORM.TIME,A2,表达过去现在未来
FORM.TIME.s3,FORM.TIME,A2,区分相互关联事件的先后
FORM.CONDITION.s1,FORM.CONDITION,B1,理解条件与结果
FORM.CONDITION.s2,FORM.CONDITION,B1,表达可能性和建议
FORM.CONDITION.s3,FORM.CONDITION,B1,明确条件适用范围
DISCOURSE.LINK.s1,DISCOURSE.LINK,B1,连接原因和结果
DISCOURSE.LINK.s2,DISCOURSE.LINK,B1,连接对比信息
DISCOURSE.LINK.s3,DISCOURSE.LINK,B1,总结与前文一致的结论
DISCOURSE.HEDGE.s1,DISCOURSE.HEDGE,B2,区分确定与不确定
DISCOURSE.HEDGE.s2,DISCOURSE.HEDGE,B2,表达可信程度
DISCOURSE.HEDGE.s3,DISCOURSE.HEDGE,B2,明确例外与适用范围
STRATEGY.PLAN.s1,STRATEGY.PLAN,A1,用关键词准备
STRATEGY.PLAN.s2,STRATEGY.PLAN,A1,由提示过渡到独立表达
STRATEGY.PLAN.s3,STRATEGY.PLAN,A1,在新任务中快速组织内容
STRATEGY.MONITOR.s1,STRATEGY.MONITOR,B1,发现影响意义的错误
STRATEGY.MONITOR.s2,STRATEGY.MONITOR,B1,及时纠正
STRATEGY.MONITOR.s3,STRATEGY.MONITOR,B1,核查纠正是否被理解
STRATEGY.TURN.s1,STRATEGY.TURN,B1,识别接话时机
STRATEGY.TURN.s2,STRATEGY.TURN,B1,保持或接续发言
STRATEGY.TURN.s3,STRATEGY.TURN,B1,交出轮次并回应
LEX.ACQUIRE.s1,LEX.ACQUIRE,Pre-A1,建立声音和意义联系
LEX.ACQUIRE.s2,LEX.ACQUIRE,Pre-A1,听辨新词句
LEX.ACQUIRE.s3,LEX.ACQUIRE,Pre-A1,从意图独立提取并组合
FORM.CLAUSE.s1,FORM.CLAUSE,A1,组合主语和谓语
FORM.CLAUSE.s2,FORM.CLAUSE,A1,补充必要对象或信息
FORM.CLAUSE.s3,FORM.CLAUSE,A1,按意图调整基本句子
FORM.NEGATION.s1,FORM.NEGATION,A1,识别否定范围
FORM.NEGATION.s2,FORM.NEGATION,A1,表达否定
FORM.NEGATION.s3,FORM.NEGATION,A1,纠正对方不正确的信息
FORM.QUANTITY.s1,FORM.QUANTITY,A1,理解数量与单位
FORM.QUANTITY.s2,FORM.QUANTITY,A1,表达数量和程度
FORM.QUANTITY.s3,FORM.QUANTITY,A1,比较并核查差异
FORM.SPACE.s1,FORM.SPACE,A1,理解位置关系
FORM.SPACE.s2,FORM.SPACE,A1,说明方向与目标
FORM.SPACE.s3,FORM.SPACE,A1,核查路线和位置
DISCOURSE.REFERENCE.s1,DISCOURSE.REFERENCE,A2,使用明确指代
DISCOURSE.REFERENCE.s2,DISCOURSE.REFERENCE,A2,追踪指代对象
DISCOURSE.REFERENCE.s3,DISCOURSE.REFERENCE,A2,必要时复述消除歧义
