id,parent_id,reference_stage,kind,outcome,learner_release_status
CONTACT.Pre-A1.s1,CONTACT.Pre-A1,Pre-A1,communication_objective,回应问候,requires_reviewed_lesson
CONTACT.Pre-A1.s2,CONTACT.Pre-A1,Pre-A1,communication_objective,主动问候,requires_reviewed_lesson
CONTACT.Pre-A1.s3,CONTACT.Pre-A1,Pre-A1,communication_objective,回应告别,requires_reviewed_lesson
CONTACT.A1.s1,CONTACT.A1,A1,communication_objective,说出姓名与身份,requires_reviewed_lesson
CONTACT.A1.s2,CONTACT.A1,A1,communication_objective,询问对方姓名,requires_reviewed_lesson
CONTACT.A1.s3,CONTACT.A1,A1,communication_objective,回应介绍,requires_reviewed_lesson
CONTACT.A2.s1,CONTACT.A2,A2,communication_objective,用熟悉话题开场,requires_reviewed_lesson
CONTACT.A2.s2,CONTACT.A2,A2,communication_objective,回应对方信息,requires_reviewed_lesson
CONTACT.A2.s3,CONTACT.A2,A2,communication_objective,问一个相关问题,requires_reviewed_lesson
CONTACT.B1.s1,CONTACT.B1,B1,communication_objective,承接上一条信息追问,requires_reviewed_lesson
CONTACT.B1.s2,CONTACT.B1,B1,communication_objective,补充自己的相关经历,requires_reviewed_lesson
CONTACT.B1.s3,CONTACT.B1,B1,communication_objective,用过渡表达换话题,requires_reviewed_lesson
CONTACT.B2.s1,CONTACT.B2,B2,communication_objective,判断加入交谈的时机,requires_reviewed_lesson
CONTACT.B2.s2,CONTACT.B2,B2,communication_objective,联系他人发言接话,requires_reviewed_lesson
CONTACT.B2.s3,CONTACT.B2,B2,communication_objective,维持并适当地结束交谈,requires_reviewed_lesson
CONTACT.C1.s1,CONTACT.C1,C1,communication_objective,识别加入或结束的间接信号,requires_reviewed_lesson
CONTACT.C1.s2,CONTACT.C1,C1,communication_objective,在多人轮次间自然接话,requires_reviewed_lesson
CONTACT.C1.s3,CONTACT.C1,C1,communication_objective,根据关系调整开场和退出,requires_reviewed_lesson
CONTACT.C2.s1,CONTACT.C2,C2,communication_objective,识别含蓄社交意图,requires_reviewed_lesson
CONTACT.C2.s2,CONTACT.C2,C2,communication_objective,传达细微态度并保留余地,requires_reviewed_lesson
CONTACT.C2.s3,CONTACT.C2,C2,communication_objective,澄清暗示而不破坏交谈,requires_reviewed_lesson
INFO.Pre-A1.s1,INFO.Pre-A1,Pre-A1,communication_objective,说出姓名,requires_reviewed_lesson
INFO.Pre-A1.s2,INFO.Pre-A1,Pre-A1,communication_objective,识别所问的数字,requires_reviewed_lesson
INFO.Pre-A1.s3,INFO.Pre-A1,Pre-A1,communication_objective,用词或短语回应,requires_reviewed_lesson
INFO.A1.s1,INFO.A1,A1,communication_objective,询问时间与地点,requires_reviewed_lesson
INFO.A1.s2,INFO.A1,A1,communication_objective,提供联系方式,requires_reviewed_lesson
INFO.A1.s3,INFO.A1,A1,communication_objective,核对听到的信息,requires_reviewed_lesson
INFO.A2.s1,INFO.A2,A2,communication_objective,询问与说明日程,requires_reviewed_lesson
INFO.A2.s2,INFO.A2,A2,communication_objective,获取与说明路线,requires_reviewed_lesson
INFO.A2.s3,INFO.A2,A2,communication_objective,核对数量和单位,requires_reviewed_lesson
INFO.B1.s1,INFO.B1,B1,communication_objective,发现缺失的关键细节,requires_reviewed_lesson
INFO.B1.s2,INFO.B1,B1,communication_objective,提出针对性追问,requires_reviewed_lesson
INFO.B1.s3,INFO.B1,B1,communication_objective,复述核查所得信息,requires_reviewed_lesson
INFO.B2.s1,INFO.B2,B2,communication_objective,区分各来源的说法,requires_reviewed_lesson
INFO.B2.s2,INFO.B2,B2,communication_objective,指出具体矛盾,requires_reviewed_lesson
INFO.B2.s3,INFO.B2,B2,communication_objective,提出核查问题,requires_reviewed_lesson
INFO.C1.s1,INFO.C1,C1,communication_objective,明确结论适用范围,requires_reviewed_lesson
INFO.C1.s2,INFO.C1,C1,communication_objective,说明信息来源和可信程度,requires_reviewed_lesson
INFO.C1.s3,INFO.C1,C1,communication_objective,追问隐含条件,requires_reviewed_lesson
INFO.C2.s1,INFO.C2,C2,communication_objective,区分事实推断和概括,requires_reviewed_lesson
INFO.C2.s2,INFO.C2,C2,communication_objective,精确说明例外与边界,requires_reviewed_lesson
INFO.C2.s3,INFO.C2,C2,communication_objective,修正过度概括,requires_reviewed_lesson
DESCRIBE.Pre-A1.s1,DESCRIBE.Pre-A1,Pre-A1,communication_objective,指出所指人物,requires_reviewed_lesson
DESCRIBE.Pre-A1.s2,DESCRIBE.Pre-A1,Pre-A1,communication_objective,说出物品名称,requires_reviewed_lesson
DESCRIBE.Pre-A1.s3,DESCRIBE.Pre-A1,Pre-A1,communication_objective,用词说明一个属性,requires_reviewed_lesson
DESCRIBE.A1.s1,DESCRIBE.A1,A1,communication_objective,说明人物基本特征,requires_reviewed_lesson
DESCRIBE.A1.s2,DESCRIBE.A1,A1,communication_objective,描述物品属性,requires_reviewed_lesson
DESCRIBE.A1.s3,DESCRIBE.A1,A1,communication_objective,说明熟悉地点的位置和特点,requires_reviewed_lesson
DESCRIBE.A2.s1,DESCRIBE.A2,A2,communication_objective,说明生活习惯和频率,requires_reviewed_lesson
DESCRIBE.A2.s2,DESCRIBE.A2,A2,communication_objective,描述周围环境,requires_reviewed_lesson
DESCRIBE.A2.s3,DESCRIBE.A2,A2,communication_objective,回应关于描述的追问,requires_reviewed_lesson
DESCRIBE.B1.s1,DESCRIBE.B1,B1,communication_objective,说明变化前后的差异,requires_reviewed_lesson
DESCRIBE.B1.s2,DESCRIBE.B1,B1,communication_objective,给出变化的具体例子,requires_reviewed_lesson
DESCRIBE.B1.s3,DESCRIBE.B1,B1,communication_objective,解释变化对自己的影响,requires_reviewed_lesson
DESCRIBE.B2.s1,DESCRIBE.B2,B2,communication_objective,选择描述的组织顺序,requires_reviewed_lesson
DESCRIBE.B2.s2,DESCRIBE.B2,B2,communication_objective,突出主要特点,requires_reviewed_lesson
DESCRIBE.B2.s3,DESCRIBE.B2,B2,communication_objective,用细节说明复杂现象,requires_reviewed_lesson
DESCRIBE.C1.s1,DESCRIBE.C1,C1,communication_objective,判断听者需要的背景,requires_reviewed_lesson
DESCRIBE.C1.s2,DESCRIBE.C1,C1,communication_objective,重组复杂描述,requires_reviewed_lesson
DESCRIBE.C1.s3,DESCRIBE.C1,C1,communication_objective,核查并补充听者不理解的部分,requires_reviewed_lesson
DESCRIBE.C2.s1,DESCRIBE.C2,C2,communication_objective,选择精确的感官或概念细节,requires_reviewed_lesson
DESCRIBE.C2.s2,DESCRIBE.C2,C2,communication_objective,保持描述视角与风格,requires_reviewed_lesson
DESCRIBE.C2.s3,DESCRIBE.C2,C2,communication_objective,解释细微差别,requires_reviewed_lesson
NEEDS.Pre-A1.s1,NEEDS.Pre-A1,Pre-A1,communication_objective,指出所需物品,requires_reviewed_lesson
NEEDS.Pre-A1.s2,NEEDS.Pre-A1,Pre-A1,communication_objective,表达想要,requires_reviewed_lesson
NEEDS.Pre-A1.s3,NEEDS.Pre-A1,Pre-A1,communication_objective,表达不想要,requires_reviewed_lesson
NEEDS.A1.s1,NEEDS.A1,A1,communication_objective,表达喜欢或不喜欢,requires_reviewed_lesson
NEEDS.A1.s2,NEEDS.A1,A1,communication_objective,说明基本感受,requires_reviewed_lesson
NEEDS.A1.s3,NEEDS.A1,A1,communication_objective,提出即时需求,requires_reviewed_lesson
NEEDS.A2.s1,NEEDS.A2,A2,communication_objective,说明更喜欢哪一项,requires_reviewed_lesson
NEEDS.A2.s2,NEEDS.A2,A2,communication_objective,给出一个偏好理由,requires_reviewed_lesson
NEEDS.A2.s3,NEEDS.A2,A2,communication_objective,回应对方偏好,requires_reviewed_lesson
NEEDS.B1.s1,NEEDS.B1,B1,communication_objective,说明感受发生的变化,requires_reviewed_lesson
NEEDS.B1.s2,NEEDS.B1,B1,communication_objective,解释与感受相关的经历,requires_reviewed_lesson
NEEDS.B1.s3,NEEDS.B1,B1,communication_objective,询问并回应对方体验,requires_reviewed_lesson
NEEDS.B2.s1,NEEDS.B2,B2,communication_objective,区分同时存在的不同感受,requires_reviewed_lesson
NEEDS.B2.s2,NEEDS.B2,B2,communication_objective,说明相互冲突的需要,requires_reviewed_lesson
NEEDS.B2.s3,NEEDS.B2,B2,communication_objective,表达权衡后的优先选择,requires_reviewed_lesson
NEEDS.C1.s1,NEEDS.C1,C1,communication_objective,表达敏感感受而不臆测对方,requires_reviewed_lesson
NEEDS.C1.s2,NEEDS.C1,C1,communication_objective,说明期待的回应,requires_reviewed_lesson
NEEDS.C1.s3,NEEDS.C1,C1,communication_objective,核查对方对感受的理解,requires_reviewed_lesson
NEEDS.C2.s1,NEEDS.C2,C2,communication_objective,区分细微情绪,requires_reviewed_lesson
NEEDS.C2.s2,NEEDS.C2,C2,communication_objective,表达保留或不确定的意见,requires_reviewed_lesson
NEEDS.C2.s3,NEEDS.C2,C2,communication_objective,调节表达强度,requires_reviewed_lesson
STORY.A1.s1,STORY.A1,A1,communication_objective,说出日常活动,requires_reviewed_lesson
STORY.A1.s2,STORY.A1,A1,communication_objective,标明简单先后顺序,requires_reviewed_lesson
STORY.A1.s3,STORY.A1,A1,communication_objective,补充时间信息,requires_reviewed_lesson
STORY.A2.s1,STORY.A2,A2,communication_objective,标明过去的时间与事件,requires_reviewed_lesson
STORY.A2.s2,STORY.A2,A2,communication_objective,按顺序简述经历,requires_reviewed_lesson
STORY.A2.s3,STORY.A2,A2,communication_objective,另行说明未来计划,requires_reviewed_lesson
STORY.B1.s1,STORY.B1,B1,communication_objective,交代事件背景,requires_reviewed_lesson
STORY.B1.s2,STORY.B1,B1,communication_objective,连接原因与结果,requires_reviewed_lesson
STORY.B1.s3,STORY.B1,B1,communication_objective,回应经历相关追问,requires_reviewed_lesson
STORY.B2.s1,STORY.B2,B2,communication_objective,组织多个事件,requires_reviewed_lesson
STORY.B2.s2,STORY.B2,B2,communication_objective,突出关键转折,requires_reviewed_lesson
STORY.B2.s3,STORY.B2,B2,communication_objective,解释事件后果,requires_reviewed_lesson
STORY.C1.s1,STORY.C1,C1,communication_objective,根据沟通目的调整结构,requires_reviewed_lesson
STORY.C1.s2,STORY.C1,C1,communication_objective,补充复杂经历的必要背景,requires_reviewed_lesson
STORY.C1.s3,STORY.C1,C1,communication_objective,回应对叙述关系的质疑,requires_reviewed_lesson
STORY.C2.s1,STORY.C2,C2,communication_objective,保持并调整叙述视角,requires_reviewed_lesson
STORY.C2.s2,STORY.C2,C2,communication_objective,用修辞传达微妙意义,requires_reviewed_lesson
STORY.C2.s3,STORY.C2,C2,communication_objective,区分事实叙述与态度,requires_reviewed_lesson
EXPLAIN.A1.s1,EXPLAIN.A1,A1,communication_objective,说明物品所在位置,requires_reviewed_lesson
EXPLAIN.A1.s2,EXPLAIN.A1,A1,communication_objective,说明物品用途,requires_reviewed_lesson
EXPLAIN.A1.s3,EXPLAIN.A1,A1,communication_objective,回应简单用途问题,requires_reviewed_lesson
EXPLAIN.A2.s1,EXPLAIN.A2,A2,communication_objective,按顺序说明操作步骤,requires_reviewed_lesson
EXPLAIN.A2.s2,EXPLAIN.A2,A2,communication_objective,描述观察到的问题,requires_reviewed_lesson
EXPLAIN.A2.s3,EXPLAIN.A2,A2,communication_objective,确认对方理解步骤,requires_reviewed_lesson
EXPLAIN.B1.s1,EXPLAIN.B1,B1,communication_objective,描述故障现象,requires_reviewed_lesson
EXPLAIN.B1.s2,EXPLAIN.B1,B1,communication_objective,解释已知原因并说明不确定处,requires_reviewed_lesson
EXPLAIN.B1.s3,EXPLAIN.B1,B1,communication_objective,提出并说明可行处理办法,requires_reviewed_lesson
EXPLAIN.B2.s1,EXPLAIN.B2,B2,communication_objective,区分多个影响因素,requires_reviewed_lesson
EXPLAIN.B2.s2,EXPLAIN.B2,B2,communication_objective,说明条件和限制,requires_reviewed_lesson
EXPLAIN.B2.s3,EXPLAIN.B2,B2,communication_objective,解释因素之间的关系,requires_reviewed_lesson
EXPLAIN.C1.s1,EXPLAIN.C1,C1,communication_objective,根据听者背景选择解释方式,requires_reviewed_lesson
EXPLAIN.C1.s2,EXPLAIN.C1,C1,communication_objective,分段说明复杂过程,requires_reviewed_lesson
EXPLAIN.C1.s3,EXPLAIN.C1,C1,communication_objective,用改述或例子消除理解障碍,requires_reviewed_lesson
EXPLAIN.C2.s1,EXPLAIN.C2,C2,communication_objective,精确表达机制与条件关系,requires_reviewed_lesson
EXPLAIN.C2.s2,EXPLAIN.C2,C2,communication_objective,说明例外和反例,requires_reviewed_lesson
EXPLAIN.C2.s3,EXPLAIN.C2,C2,communication_objective,修正易引起误解的解释,requires_reviewed_lesson
REQUEST.Pre-A1.s1,REQUEST.Pre-A1,Pre-A1,communication_objective,吸引对方注意,requires_reviewed_lesson
REQUEST.Pre-A1.s2,REQUEST.Pre-A1,Pre-A1,communication_objective,请求具体帮助,requires_reviewed_lesson
REQUEST.Pre-A1.s3,REQUEST.Pre-A1,Pre-A1,communication_objective,回应帮助提议,requires_reviewed_lesson
REQUEST.A1.s1,REQUEST.A1,A1,communication_objective,提出简单请求,requires_reviewed_lesson
REQUEST.A1.s2,REQUEST.A1,A1,communication_objective,接受请求,requires_reviewed_lesson
REQUEST.A1.s3,REQUEST.A1,A1,communication_objective,拒绝请求,requires_reviewed_lesson
REQUEST.A2.s1,REQUEST.A2,A2,communication_objective,发出包含活动的邀请,requires_reviewed_lesson
REQUEST.A2.s2.accept,REQUEST.A2,A2,communication_objective,接受邀请,requires_reviewed_lesson
REQUEST.A2.s2.decline,REQUEST.A2,A2,communication_objective,婉拒邀请,requires_reviewed_lesson
REQUEST.A2.s3,REQUEST.A2,A2,communication_objective,提出替代活动或时间,requires_reviewed_lesson
REQUEST.B1.s1,REQUEST.B1,B1,communication_objective,根据关系选择请求语气,requires_reviewed_lesson
REQUEST.B1.s2,REQUEST.B1,B1,communication_objective,说明请求原因,requires_reviewed_lesson
REQUEST.B1.s3,REQUEST.B1,B1,communication_objective,回应对方的追问,requires_reviewed_lesson
REQUEST.B2.s1,REQUEST.B2,B2,communication_objective,说明请求范围,requires_reviewed_lesson
REQUEST.B2.s2,REQUEST.B2,B2,communication_objective,协商可接受的范围,requires_reviewed_lesson
REQUEST.B2.s3,REQUEST.B2,B2,communication_objective,根据负担程度调整礼貌,requires_reviewed_lesson
REQUEST.C1.s1,REQUEST.C1,C1,communication_objective,提出敏感请求,requires_reviewed_lesson
REQUEST.C1.s2,REQUEST.C1,C1,communication_objective,明确对方可以拒绝或选择,requires_reviewed_lesson
REQUEST.C1.s3,REQUEST.C1,C1,communication_objective,回应保留意见,requires_reviewed_lesson
REQUEST.C2.s1,REQUEST.C2,C2,communication_objective,判断关系和权力对表达的影响,requires_reviewed_lesson
REQUEST.C2.s2,REQUEST.C2,C2,communication_objective,用含蓄方式提出请求,requires_reviewed_lesson
REQUEST.C2.s3,REQUEST.C2,C2,communication_objective,澄清真实请求范围,requires_reviewed_lesson
ARRANGE.A1.s1,ARRANGE.A1,A1,communication_objective,提出一个时间或地点,requires_reviewed_lesson
ARRANGE.A1.s2,ARRANGE.A1,A1,communication_objective,理解对方提议,requires_reviewed_lesson
ARRANGE.A1.s3,ARRANGE.A1,A1,communication_objective,确认最终安排,requires_reviewed_lesson
ARRANGE.A2.s1,ARRANGE.A2,A2,communication_objective,说明原时间不方便,requires_reviewed_lesson
ARRANGE.A2.s2,ARRANGE.A2,A2,communication_objective,提出可行替代时间,requires_reviewed_lesson
ARRANGE.A2.s3,ARRANGE.A2,A2,communication_objective,核对双方最终安排,requires_reviewed_lesson
ARRANGE.B1.s1,ARRANGE.B1,B1,communication_objective,获取各方限制条件,requires_reviewed_lesson
ARRANGE.B1.s2,ARRANGE.B1,B1,communication_objective,提出满足限制的共同计划,requires_reviewed_lesson
ARRANGE.B1.s3,ARRANGE.B1,B1,communication_objective,确认职责和时间,requires_reviewed_lesson
ARRANGE.B2.s1,ARRANGE.B2,B2,communication_objective,比较不同方案,requires_reviewed_lesson
ARRANGE.B2.s2,ARRANGE.B2,B2,communication_objective,表达可接受的取舍,requires_reviewed_lesson
ARRANGE.B2.s3,ARRANGE.B2,B2,communication_objective,确认协商结果,requires_reviewed_lesson
ARRANGE.C1.s1,ARRANGE.C1,C1,communication_objective,澄清各方利益与分歧,requires_reviewed_lesson
ARRANGE.C1.s2,ARRANGE.C1,C1,communication_objective,提出调整方案,requires_reviewed_lesson
ARRANGE.C1.s3,ARRANGE.C1,C1,communication_objective,核查各方是否同意,requires_reviewed_lesson
ARRANGE.C2.s1,ARRANGE.C2,C2,communication_objective,澄清模糊目标,requires_reviewed_lesson
ARRANGE.C2.s2,ARRANGE.C2,C2,communication_objective,明确冲突与权衡,requires_reviewed_lesson
ARRANGE.C2.s3,ARRANGE.C2,C2,communication_objective,总结并促成可执行决定,requires_reviewed_lesson
SERVICE.Pre-A1.s1,SERVICE.Pre-A1,Pre-A1,communication_objective,说出所需物品,requires_reviewed_lesson
SERVICE.Pre-A1.s2,SERVICE.Pre-A1,Pre-A1,communication_objective,说明数量,requires_reviewed_lesson
SERVICE.Pre-A1.s3,SERVICE.Pre-A1,Pre-A1,communication_objective,回应简单确认,requires_reviewed_lesson
SERVICE.A1.s1,SERVICE.A1,A1,communication_objective,说明要买或点的东西,requires_reviewed_lesson
SERVICE.A1.s2,SERVICE.A1,A1,communication_objective,询问价格,requires_reviewed_lesson
SERVICE.A1.s3,SERVICE.A1,A1,communication_objective,核对商品数量与价格,requires_reviewed_lesson
SERVICE.A2.s1,SERVICE.A2,A2,communication_objective,询价并核对费用范围,requires_reviewed_lesson
SERVICE.A2.s2,SERVICE.A2,A2,communication_objective,完成预订并确认条件,requires_reviewed_lesson
SERVICE.A2.s3,SERVICE.A2,A2,communication_objective,问路并核对关键路线,requires_reviewed_lesson
SERVICE.B1.s1,SERVICE.B1,B1,communication_objective,说明预订与实际的差异,requires_reviewed_lesson
SERVICE.B1.s2,SERVICE.B1,B1,communication_objective,提出退换请求并说明原因,requires_reviewed_lesson
SERVICE.B1.s3,SERVICE.B1,B1,communication_objective,描述服务故障并请求处理,requires_reviewed_lesson
SERVICE.B2.s1,SERVICE.B2,B2,communication_objective,组织复杂问题的事实和时间线,requires_reviewed_lesson
SERVICE.B2.s2,SERVICE.B2,B2,communication_objective,提出处理诉求及理由,requires_reviewed_lesson
SERVICE.B2.s3,SERVICE.B2,B2,communication_objective,协商并确认解决方案,requires_reviewed_lesson
SERVICE.C1.s1,SERVICE.C1,C1,communication_objective,指出不明确的条款,requires_reviewed_lesson
SERVICE.C1.s2,SERVICE.C1,C1,communication_objective,核查责任和例外,requires_reviewed_lesson
SERVICE.C1.s3,SERVICE.C1,C1,communication_objective,复述确认最终理解,requires_reviewed_lesson
COMPARE.A1.s1,COMPARE.A1,A1,communication_objective,指出共同属性,requires_reviewed_lesson
COMPARE.A1.s2,COMPARE.A1,A1,communication_objective,说明一项差异,requires_reviewed_lesson
COMPARE.A1.s3,COMPARE.A1,A1,communication_objective,表达简单选择,requires_reviewed_lesson
COMPARE.A2.s1,COMPARE.A2,A2,communication_objective,按同一标准比较价格,requires_reviewed_lesson
COMPARE.A2.s2,COMPARE.A2,A2,communication_objective,按位置等标准比较,requires_reviewed_lesson
COMPARE.A2.s3,COMPARE.A2,A2,communication_objective,说明比较后的偏好,requires_reviewed_lesson
COMPARE.B1.s1,COMPARE.B1,B1,communication_objective,按多个标准比较选择,requires_reviewed_lesson
COMPARE.B1.s2,COMPARE.B1,B1,communication_objective,给出推荐及理由,requires_reviewed_lesson
COMPARE.B1.s3,COMPARE.B1,B1,communication_objective,回应推荐相关追问,requires_reviewed_lesson
COMPARE.B2.s1,COMPARE.B2,B2,communication_objective,比较短期与长期影响,requires_reviewed_lesson
COMPARE.B2.s2,COMPARE.B2,B2,communication_objective,说明风险和收益,requires_reviewed_lesson
COMPARE.B2.s3,COMPARE.B2,B2,communication_objective,表达权衡及条件,requires_reviewed_lesson
COMPARE.C1.s1,COMPARE.C1,C1,communication_objective,区分证据与主张,requires_reviewed_lesson
COMPARE.C1.s2,COMPARE.C1,C1,communication_objective,说明证据的局限,requires_reviewed_lesson
COMPARE.C1.s3,COMPARE.C1,C1,communication_objective,给出有条件的推荐,requires_reviewed_lesson
COMPARE.C2.s1,COMPARE.C2,C2,communication_objective,识别隐性权衡,requires_reviewed_lesson
COMPARE.C2.s2,COMPARE.C2,C2,communication_objective,精确说明条件变化的影响,requires_reviewed_lesson
COMPARE.C2.s3,COMPARE.C2,C2,communication_objective,限定比较结论,requires_reviewed_lesson
OPINION.A1.s1,OPINION.A1,A1,communication_objective,表达赞同,requires_reviewed_lesson
OPINION.A1.s2,OPINION.A1,A1,communication_objective,表达不赞同,requires_reviewed_lesson
OPINION.A1.s3,OPINION.A1,A1,communication_objective,回应对方立场,requires_reviewed_lesson
OPINION.A2.s1,OPINION.A2,A2,communication_objective,说出自己的观点,requires_reviewed_lesson
OPINION.A2.s2,OPINION.A2,A2,communication_objective,给出一个原因,requires_reviewed_lesson
OPINION.A2.s3,OPINION.A2,A2,communication_objective,询问对方观点,requires_reviewed_lesson
OPINION.B1.s1,OPINION.B1,B1,communication_objective,组织观点与理由,requires_reviewed_lesson
OPINION.B1.s2,OPINION.B1,B1,communication_objective,给出相关例子,requires_reviewed_lesson
OPINION.B1.s3,OPINION.B1,B1,communication_objective,回应针对观点的追问,requires_reviewed_lesson
OPINION.B2.s1,OPINION.B2,B2,communication_objective,建立论点与证据联系,requires_reviewed_lesson
OPINION.B2.s2,OPINION.B2,B2,communication_objective,准确理解反对意见,requires_reviewed_lesson
OPINION.B2.s3,OPINION.B2,B2,communication_objective,回应反对意见并限定结论,requires_reviewed_lesson
OPINION.C1.s1,OPINION.C1,C1,communication_objective,区分复杂议题的不同论点,requires_reviewed_lesson
OPINION.C1.s2,OPINION.C1,C1,communication_objective,说明论证的条件与假设,requires_reviewed_lesson
OPINION.C1.s3,OPINION.C1,C1,communication_objective,回应抽象议题的质疑,requires_reviewed_lesson
OPINION.C2.s1,OPINION.C2,C2,communication_objective,区分细微立场差异,requires_reviewed_lesson
OPINION.C2.s2,OPINION.C2,C2,communication_objective,公平重述对方论证,requires_reviewed_lesson
OPINION.C2.s3,OPINION.C2,C2,communication_objective,调整或反驳论证中的具体环节,requires_reviewed_lesson
RELATE.Pre-A1.s1,RELATE.Pre-A1,Pre-A1,communication_objective,回应感谢,requires_reviewed_lesson
RELATE.Pre-A1.s2,RELATE.Pre-A1,Pre-A1,communication_objective,回应简单道歉,requires_reviewed_lesson
RELATE.Pre-A1.s3,RELATE.Pre-A1,Pre-A1,communication_objective,用熟悉礼貌表达结束回应,requires_reviewed_lesson
RELATE.A1.s1.express,RELATE.A1,A1,communication_objective,表达感谢,requires_reviewed_lesson
RELATE.A1.s1.respond,RELATE.A1,A1,communication_objective,回应感谢,requires_reviewed_lesson
RELATE.A1.s2.express,RELATE.A1,A1,communication_objective,表达道歉,requires_reviewed_lesson
RELATE.A1.s2.respond,RELATE.A1,A1,communication_objective,回应道歉,requires_reviewed_lesson
RELATE.A1.s3.express,RELATE.A1,A1,communication_objective,表达祝贺,requires_reviewed_lesson
RELATE.A1.s3.respond,RELATE.A1,A1,communication_objective,回应祝贺,requires_reviewed_lesson
RELATE.A2.s1,RELATE.A2,A2,communication_objective,婉拒提议,requires_reviewed_lesson
RELATE.A2.s2,RELATE.A2,A2,communication_objective,表达关心,requires_reviewed_lesson
RELATE.A2.s3,RELATE.A2,A2,communication_objective,解释简单理由,requires_reviewed_lesson
RELATE.B1.s1,RELATE.B1,B1,communication_objective,说明具体分歧,requires_reviewed_lesson
RELATE.B1.s2,RELATE.B1,B1,communication_objective,核查误会发生在哪里,requires_reviewed_lesson
RELATE.B1.s3,RELATE.B1,B1,communication_objective,解释原意并修复误会,requires_reviewed_lesson
RELATE.B2.s1,RELATE.B2,B2,communication_objective,表达个人边界,requires_reviewed_lesson
RELATE.B2.s2,RELATE.B2,B2,communication_objective,给出具体建设性反馈,requires_reviewed_lesson
RELATE.B2.s3,RELATE.B2,B2,communication_objective,回应反馈并协商后续,requires_reviewed_lesson
RELATE.C1.s1,RELATE.C1,C1,communication_objective,识别隐含立场,requires_reviewed_lesson
RELATE.C1.s2,RELATE.C1,C1,communication_objective,表达敏感分歧,requires_reviewed_lesson
RELATE.C1.s3,RELATE.C1,C1,communication_objective,调整语气并核查理解,requires_reviewed_lesson
RELATE.C2.s1,RELATE.C2,C2,communication_objective,区分立场与关系信号,requires_reviewed_lesson
RELATE.C2.s2,RELATE.C2,C2,communication_objective,精确调节语气和表达强度,requires_reviewed_lesson
RELATE.C2.s3,RELATE.C2,C2,communication_objective,回应高敏感交流中的含蓄意图,requires_reviewed_lesson
COLLAB.A2.s1,COLLAB.A2,A2,communication_objective,理解共同任务,requires_reviewed_lesson
COLLAB.A2.s2,COLLAB.A2,A2,communication_objective,轮流贡献相关信息,requires_reviewed_lesson
COLLAB.A2.s3,COLLAB.A2,A2,communication_objective,确认共同结果,requires_reviewed_lesson
COLLAB.B1.s1,COLLAB.B1,B1,communication_objective,汇报完成情况,requires_reviewed_lesson
COLLAB.B1.s2,COLLAB.B1,B1,communication_objective,澄清任务要求,requires_reviewed_lesson
COLLAB.B1.s3,COLLAB.B1,B1,communication_objective,承接他人发言,requires_reviewed_lesson
COLLAB.B2.s1,COLLAB.B2,B2,communication_objective,在多人讨论中贡献相关意见,requires_reviewed_lesson
COLLAB.B2.s2,COLLAB.B2,B2,communication_objective,总结行动事项,requires_reviewed_lesson
COLLAB.B2.s3,COLLAB.B2,B2,communication_objective,确认责任人和期限,requires_reviewed_lesson
COLLAB.C1.s1,COLLAB.C1,C1,communication_objective,提出议程并组织讨论,requires_reviewed_lesson
COLLAB.C1.s2,COLLAB.C1,C1,communication_objective,帮助他人加入发言,requires_reviewed_lesson
COLLAB.C1.s3,COLLAB.C1,C1,communication_objective,总结分歧和共识,requires_reviewed_lesson
COLLAB.C2.s1,COLLAB.C2,C2,communication_objective,跟进快速复杂讨论,requires_reviewed_lesson
COLLAB.C2.s2,COLLAB.C2,C2,communication_objective,重构分歧双方的意思,requires_reviewed_lesson
COLLAB.C2.s3,COLLAB.C2,C2,communication_objective,促成共同理解并核对,requires_reviewed_lesson
REPAIR.Pre-A1.s1,REPAIR.Pre-A1,Pre-A1,communication_objective,表示没听懂,requires_reviewed_lesson
REPAIR.Pre-A1.s2,REPAIR.Pre-A1,Pre-A1,communication_objective,请求帮助,requires_reviewed_lesson
REPAIR.Pre-A1.s3,REPAIR.Pre-A1,Pre-A1,communication_objective,在支持下重新回应,requires_reviewed_lesson
REPAIR.A1.s1,REPAIR.A1,A1,communication_objective,请求重复,requires_reviewed_lesson
REPAIR.A1.s2,REPAIR.A1,A1,communication_objective,请求放慢,requires_reviewed_lesson
REPAIR.A1.s3,REPAIR.A1,A1,communication_objective,请求拼写关键词,requires_reviewed_lesson
REPAIR.A2.s1,REPAIR.A2,A2,communication_objective,复述确认关键意思,requires_reviewed_lesson
REPAIR.A2.s2,REPAIR.A2,A2,communication_objective,指出不理解的词或部分,requires_reviewed_lesson
REPAIR.A2.s3,REPAIR.A2,A2,communication_objective,缺词时用简单描述补足,requires_reviewed_lesson
REPAIR.B1.s1,REPAIR.B1,B1,communication_objective,指出误解的具体位置,requires_reviewed_lesson
REPAIR.B1.s2,REPAIR.B1,B1,communication_objective,换一种说法解释,requires_reviewed_lesson
REPAIR.B1.s3,REPAIR.B1,B1,communication_objective,核查误解是否解决,requires_reviewed_lesson
REPAIR.B2.s1,REPAIR.B2,B2,communication_objective,追问歧义中的指代或条件,requires_reviewed_lesson
REPAIR.B2.s2,REPAIR.B2,B2,communication_objective,区别多种可能理解,requires_reviewed_lesson
REPAIR.B2.s3,REPAIR.B2,B2,communication_objective,复述核查正确理解,requires_reviewed_lesson
REPAIR.C1.s1,REPAIR.C1,C1,communication_objective,定位复杂理解障碍,requires_reviewed_lesson
REPAIR.C1.s2,REPAIR.C1,C1,communication_objective,分段重新组织意思,requires_reviewed_lesson
REPAIR.C1.s3,REPAIR.C1,C1,communication_objective,逐段确认理解,requires_reviewed_lesson
REPAIR.C2.s1,REPAIR.C2,C2,communication_objective,自然重构复杂表达,requires_reviewed_lesson
REPAIR.C2.s2,REPAIR.C2,C2,communication_objective,保留细微限定和态度,requires_reviewed_lesson
REPAIR.C2.s3,REPAIR.C2,C2,communication_objective,确认改述未改变原意,requires_reviewed_lesson
LISTEN.Pre-A1.s1,LISTEN.Pre-A1,Pre-A1,communication_objective,识别熟悉问题,requires_reviewed_lesson
LISTEN.Pre-A1.s2,LISTEN.Pre-A1,Pre-A1,communication_objective,识别所需数字,requires_reviewed_lesson
LISTEN.Pre-A1.s3,LISTEN.Pre-A1,Pre-A1,communication_objective,选择与听到内容匹配的回应,requires_reviewed_lesson
LISTEN.A1.s1,LISTEN.A1,A1,communication_objective,识别短问句的询问信息,requires_reviewed_lesson
LISTEN.A1.s2,LISTEN.A1,A1,communication_objective,理解慢速简单指令,requires_reviewed_lesson
LISTEN.A1.s3,LISTEN.A1,A1,communication_objective,依据指令行动,requires_reviewed_lesson
LISTEN.A2.s1,LISTEN.A2,A2,communication_objective,识别短对话的沟通意图,requires_reviewed_lesson
LISTEN.A2.s2,LISTEN.A2,A2,communication_objective,提取时间数量等关键细节,requires_reviewed_lesson
LISTEN.A2.s3,LISTEN.A2,A2,communication_objective,区分否定或改变条件的信息,requires_reviewed_lesson
LISTEN.B1.s1,LISTEN.B1,B1,communication_objective,理解熟悉话题主旨,requires_reviewed_lesson
LISTEN.B1.s2,LISTEN.B1,B1,communication_objective,连接关键细节,requires_reviewed_lesson
LISTEN.B1.s3,LISTEN.B1,B1,communication_objective,针对遗漏提出追问,requires_reviewed_lesson
LISTEN.B2.s1,LISTEN.B2,B2,communication_objective,跟进较长解释的结构,requires_reviewed_lesson
LISTEN.B2.s2,LISTEN.B2,B2,communication_objective,区分说话者观点,requires_reviewed_lesson
LISTEN.B2.s3,LISTEN.B2,B2,communication_objective,理解理由与结论的关系,requires_reviewed_lesson
LISTEN.C1.s1,LISTEN.C1,C1,communication_objective,识别未明说的立场,requires_reviewed_lesson
LISTEN.C1.s2,LISTEN.C1,C1,communication_objective,利用语体和语调理解态度,requires_reviewed_lesson
LISTEN.C1.s3,LISTEN.C1,C1,communication_objective,连接未明确标示的信息关系,requires_reviewed_lesson
LISTEN.C2.s1,LISTEN.C2,C2,communication_objective,跟进快速复杂交流,requires_reviewed_lesson
LISTEN.C2.s2,LISTEN.C2,C2,communication_objective,区分细微含义与限定,requires_reviewed_lesson
LISTEN.C2.s3,LISTEN.C2,C2,communication_objective,核查推断与原话的区别,requires_reviewed_lesson
MEDIA.A1.s1,MEDIA.A1,A1,communication_objective,识别公告主题,requires_reviewed_lesson
MEDIA.A1.s2,MEDIA.A1,A1,communication_objective,提取时间,requires_reviewed_lesson
MEDIA.A1.s3,MEDIA.A1,A1,communication_objective,提取地点并采取相应行动,requires_reviewed_lesson
MEDIA.A2.s1,MEDIA.A2,A2,communication_objective,识别常见公告目的,requires_reviewed_lesson
MEDIA.A2.s2,MEDIA.A2,A2,communication_objective,提取语音消息关键细节,requires_reviewed_lesson
MEDIA.A2.s3,MEDIA.A2,A2,communication_objective,依据消息采取行动,requires_reviewed_lesson
MEDIA.B1.s1,MEDIA.B1,B1,communication_objective,概括熟悉主题音频主旨,requires_reviewed_lesson
MEDIA.B1.s2,MEDIA.B1,B1,communication_objective,提取相关细节,requires_reviewed_lesson
MEDIA.B1.s3,MEDIA.B1,B1,communication_objective,区分事件顺序,requires_reviewed_lesson
MEDIA.B2.s1,MEDIA.B2,B2,communication_objective,区分访谈中各方观点,requires_reviewed_lesson
MEDIA.B2.s2,MEDIA.B2,B2,communication_objective,识别观点的论据,requires_reviewed_lesson
MEDIA.B2.s3,MEDIA.B2,B2,communication_objective,概括节目主要信息,requires_reviewed_lesson
MEDIA.C1.s1,MEDIA.C1,C1,communication_objective,识别长音频的隐含结构,requires_reviewed_lesson
MEDIA.C1.s2,MEDIA.C1,C1,communication_objective,追踪主题转换,requires_reviewed_lesson
MEDIA.C1.s3,MEDIA.C1,C1,communication_objective,理解未明确表达的态度,requires_reviewed_lesson
MEDIA.C2.s1,MEDIA.C2,C2,communication_objective,跟进快速密集信息,requires_reviewed_lesson
MEDIA.C2.s2,MEDIA.C2,C2,communication_objective,识别修辞与立场,requires_reviewed_lesson
MEDIA.C2.s3,MEDIA.C2,C2,communication_objective,解释字面意义和意图的差别,requires_reviewed_lesson
PHONE.A1.s1,PHONE.A1,A1,communication_objective,识别来电者与目的,requires_reviewed_lesson
PHONE.A1.s2,PHONE.A1,A1,communication_objective,在支持下提供简单信息,requires_reviewed_lesson
PHONE.A1.s3,PHONE.A1,A1,communication_objective,确认并结束通话,requires_reviewed_lesson
PHONE.A2.s1,PHONE.A2,A2,communication_objective,说明预约需求并商定时间,requires_reviewed_lesson
PHONE.A2.s2,PHONE.A2,A2,communication_objective,留下简短语音消息,requires_reviewed_lesson
PHONE.A2.s3,PHONE.A2,A2,communication_objective,听取并核对留言,requires_reviewed_lesson
PHONE.B1.s1,PHONE.B1,B1,communication_objective,说明熟悉事项的来电目的,requires_reviewed_lesson
PHONE.B1.s2,PHONE.B1,B1,communication_objective,请求重复或澄清听不清的部分,requires_reviewed_lesson
PHONE.B1.s3,PHONE.B1,B1,communication_objective,确认通话结果,requires_reviewed_lesson
PHONE.B2.s1,PHONE.B2,B2,communication_objective,说明通信故障并恢复交流,requires_reviewed_lesson
PHONE.B2.s2,PHONE.B2,B2,communication_objective,协调多个远程限制条件,requires_reviewed_lesson
PHONE.B2.s3,PHONE.B2,B2,communication_objective,总结并确认安排,requires_reviewed_lesson
PHONE.C1.s1,PHONE.C1,C1,communication_objective,管理远程会议发言轮次,requires_reviewed_lesson
PHONE.C1.s2,PHONE.C1,C1,communication_objective,澄清多方信息,requires_reviewed_lesson
PHONE.C1.s3,PHONE.C1,C1,communication_objective,总结决议并核查理解,requires_reviewed_lesson
MEDIATE.A1.s1,MEDIATE.A1,A1,communication_objective,提取要转告的时间,requires_reviewed_lesson
MEDIATE.A1.s2,MEDIATE.A1,A1,communication_objective,提取价格或地点,requires_reviewed_lesson
MEDIATE.A1.s3,MEDIATE.A1,A1,communication_objective,准确转告给另一人,requires_reviewed_lesson
MEDIATE.A2.s1,MEDIATE.A2,A2,communication_objective,提取简短消息的关键事实,requires_reviewed_lesson
MEDIATE.A2.s2,MEDIATE.A2,A2,communication_objective,转述指令的必要步骤,requires_reviewed_lesson
MEDIATE.A2.s3,MEDIATE.A2,A2,communication_objective,核对接收者理解,requires_reviewed_lesson
MEDIATE.B1.s1,MEDIATE.B1,B1,communication_objective,概括他人的主要意见,requires_reviewed_lesson
MEDIATE.B1.s2,MEDIATE.B1,B1,communication_objective,区分原意见与自己的解释,requires_reviewed_lesson
MEDIATE.B1.s3,MEDIATE.B1,B1,communication_objective,根据第三人的需要改述,requires_reviewed_lesson
MEDIATE.B2.s1,MEDIATE.B2,B2,communication_objective,分别呈现不同人的意见,requires_reviewed_lesson
MEDIATE.B2.s2,MEDIATE.B2,B2,communication_objective,指出分歧和共同点,requires_reviewed_lesson
MEDIATE.B2.s3,MEDIATE.B2,B2,communication_objective,转述以帮助澄清,requires_reviewed_lesson
MEDIATE.C1.s1,MEDIATE.C1,C1,communication_objective,定位复杂讨论的理解障碍,requires_reviewed_lesson
MEDIATE.C1.s2,MEDIATE.C1,C1,communication_objective,调整语言帮助各方理解,requires_reviewed_lesson
MEDIATE.C1.s3,MEDIATE.C1,C1,communication_objective,核查共同理解是否建立,requires_reviewed_lesson
MEDIATE.C2.s1,MEDIATE.C2,C2,communication_objective,精确重述复杂含蓄信息,requires_reviewed_lesson
MEDIATE.C2.s2,MEDIATE.C2,C2,communication_objective,保持原有立场和限定,requires_reviewed_lesson
MEDIATE.C2.s3,MEDIATE.C2,C2,communication_objective,消除歧义并核查各方理解,requires_reviewed_lesson
SOUND.CONTRAST.s1,SOUND.CONTRAST,A1,support_objective,听辨意义相关音差,requires_reviewed_lesson
SOUND.CONTRAST.s2,SOUND.CONTRAST,A1,support_objective,在词中说出区别,requires_reviewed_lesson
SOUND.CONTRAST.s3,SOUND.CONTRAST,A1,support_objective,在沟通中保持可理解,requires_reviewed_lesson
SOUND.ENDING.s1,SOUND.ENDING,A1,support_objective,听出词尾的关键意义,requires_reviewed_lesson
SOUND.ENDING.s2,SOUND.ENDING,A1,support_objective,说清必要词尾,requires_reviewed_lesson
SOUND.ENDING.s3,SOUND.ENDING,A1,support_objective,核查是否造成数量或时间误解,requires_reviewed_lesson
SOUND.SYLLABLE.s1,SOUND.SYLLABLE,A1,support_objective,辨识音节与词重音,requires_reviewed_lesson
SOUND.SYLLABLE.s2,SOUND.SYLLABLE,A1,support_objective,根据声音说出陌生词,requires_reviewed_lesson
SOUND.SYLLABLE.s3,SOUND.SYLLABLE,A1,support_objective,在句中保持词可识别,requires_reviewed_lesson
SOUND.STRESS.s1,SOUND.STRESS,A2,support_objective,识别对方强调的信息,requires_reviewed_lesson
SOUND.STRESS.s2,SOUND.STRESS,A2,support_objective,突出自己的焦点,requires_reviewed_lesson
SOUND.STRESS.s3,SOUND.STRESS,A2,support_objective,用对比重音纠正误解,requires_reviewed_lesson
SOUND.REDUCTION.s1,SOUND.REDUCTION,A2,support_objective,识别常见缩略形式,requires_reviewed_lesson
SOUND.REDUCTION.s2,SOUND.REDUCTION,A2,support_objective,听辨熟悉词的弱读连读,requires_reviewed_lesson
SOUND.REDUCTION.s3,SOUND.REDUCTION,A2,support_objective,在原速新句中识别,requires_reviewed_lesson
SOUND.GROUP.s1,SOUND.GROUP,B1,support_objective,按意义切分信息,requires_reviewed_lesson
SOUND.GROUP.s2,SOUND.GROUP,B1,support_objective,在合适边界停顿,requires_reviewed_lesson
SOUND.GROUP.s3,SOUND.GROUP,B1,support_objective,保持组块之间的关系,requires_reviewed_lesson
SOUND.INTONATION.s1,SOUND.INTONATION,B1,support_objective,识别疑问和态度信号,requires_reviewed_lesson
SOUND.INTONATION.s2,SOUND.INTONATION,B1,support_objective,用语调标示表达意图,requires_reviewed_lesson
SOUND.INTONATION.s3,SOUND.INTONATION,B1,support_objective,用语调标示结束或继续,requires_reviewed_lesson
SOUND.VARIETY.s1,SOUND.VARIETY,B2,support_objective,识别不同口音下的熟悉信息,requires_reviewed_lesson
SOUND.VARIETY.s2,SOUND.VARIETY,B2,support_objective,适应新说话者,requires_reviewed_lesson
SOUND.VARIETY.s3,SOUND.VARIETY,B2,support_objective,利用澄清修复理解,requires_reviewed_lesson
LEX.RETRIEVE.s1,LEX.RETRIEVE,A1,support_objective,从意图提取已知表达,requires_reviewed_lesson
LEX.RETRIEVE.s2,LEX.RETRIEVE,A1,support_objective,遮住答案独立说出,requires_reviewed_lesson
LEX.RETRIEVE.s3,LEX.RETRIEVE,A1,support_objective,换情境后仍可提取,requires_reviewed_lesson
LEX.CHUNK.s1,LEX.CHUNK,A2,support_objective,理解表达块的功能,requires_reviewed_lesson
LEX.CHUNK.s2,LEX.CHUNK,A2,support_objective,替换可变部分,requires_reviewed_lesson
LEX.CHUNK.s3,LEX.CHUNK,A2,support_objective,组合表达块完成新意思,requires_reviewed_lesson
LEX.PARAPHRASE.s1,LEX.PARAPHRASE,B1,support_objective,描述缺失词的特征或用途,requires_reviewed_lesson
LEX.PARAPHRASE.s2,LEX.PARAPHRASE,B1,support_objective,用更熟悉词改述,requires_reviewed_lesson
LEX.PARAPHRASE.s3,LEX.PARAPHRASE,B1,support_objective,确认对方理解,requires_reviewed_lesson
LEX.REGISTER.s1,LEX.REGISTER,B2,support_objective,判断对象与关系,requires_reviewed_lesson
LEX.REGISTER.s2,LEX.REGISTER,B2,support_objective,选择合适搭配和语气,requires_reviewed_lesson
LEX.REGISTER.s3,LEX.REGISTER,B2,support_objective,解释或修正不适切表达,requires_reviewed_lesson
FORM.QUESTION.s1,FORM.QUESTION,A1,support_objective,识别所需询问信息,requires_reviewed_lesson
FORM.QUESTION.s2,FORM.QUESTION,A1,support_objective,构造可理解问句,requires_reviewed_lesson
FORM.QUESTION.s3,FORM.QUESTION,A1,support_objective,根据回应继续追问,requires_reviewed_lesson
FORM.TIME.s1,FORM.TIME,A2,support_objective,识别事件时间,requires_reviewed_lesson
FORM.TIME.s2,FORM.TIME,A2,support_objective,表达过去现在未来,requires_reviewed_lesson
FORM.TIME.s3,FORM.TIME,A2,support_objective,区分相互关联事件的先后,requires_reviewed_lesson
FORM.CONDITION.s1,FORM.CONDITION,B1,support_objective,理解条件与结果,requires_reviewed_lesson
FORM.CONDITION.s2,FORM.CONDITION,B1,support_objective,表达可能性和建议,requires_reviewed_lesson
FORM.CONDITION.s3,FORM.CONDITION,B1,support_objective,明确条件适用范围,requires_reviewed_lesson
DISCOURSE.LINK.s1,DISCOURSE.LINK,B1,support_objective,连接原因和结果,requires_reviewed_lesson
DISCOURSE.LINK.s2,DISCOURSE.LINK,B1,support_objective,连接对比信息,requires_reviewed_lesson
DISCOURSE.LINK.s3,DISCOURSE.LINK,B1,support_objective,总结与前文一致的结论,requires_reviewed_lesson
DISCOURSE.HEDGE.s1,DISCOURSE.HEDGE,B2,support_objective,区分确定与不确定,requires_reviewed_lesson
DISCOURSE.HEDGE.s2,DISCOURSE.HEDGE,B2,support_objective,表达可信程度,requires_reviewed_lesson
DISCOURSE.HEDGE.s3,DISCOURSE.HEDGE,B2,support_objective,明确例外与适用范围,requires_reviewed_lesson
STRATEGY.PLAN.s1,STRATEGY.PLAN,A1,support_objective,用关键词准备,requires_reviewed_lesson
STRATEGY.PLAN.s2,STRATEGY.PLAN,A1,support_objective,由提示过渡到独立表达,requires_reviewed_lesson
STRATEGY.PLAN.s3,STRATEGY.PLAN,A1,support_objective,在新任务中快速组织内容,requires_reviewed_lesson
STRATEGY.MONITOR.s1,STRATEGY.MONITOR,B1,support_objective,发现影响意义的错误,requires_reviewed_lesson
STRATEGY.MONITOR.s2,STRATEGY.MONITOR,B1,support_objective,及时纠正,requires_reviewed_lesson
STRATEGY.MONITOR.s3,STRATEGY.MONITOR,B1,support_objective,核查纠正是否被理解,requires_reviewed_lesson
STRATEGY.TURN.s1,STRATEGY.TURN,B1,support_objective,识别接话时机,requires_reviewed_lesson
STRATEGY.TURN.s2,STRATEGY.TURN,B1,support_objective,保持或接续发言,requires_reviewed_lesson
STRATEGY.TURN.s3,STRATEGY.TURN,B1,support_objective,交出轮次并回应,requires_reviewed_lesson
LEX.ACQUIRE.s1,LEX.ACQUIRE,Pre-A1,support_objective,建立声音和意义联系,requires_reviewed_lesson
LEX.ACQUIRE.s2,LEX.ACQUIRE,Pre-A1,support_objective,听辨新词句,requires_reviewed_lesson
LEX.ACQUIRE.s3,LEX.ACQUIRE,Pre-A1,support_objective,从意图独立提取并组合,requires_reviewed_lesson
FORM.CLAUSE.s1,FORM.CLAUSE,A1,support_objective,组合主语和谓语,requires_reviewed_lesson
FORM.CLAUSE.s2,FORM.CLAUSE,A1,support_objective,补充必要对象或信息,requires_reviewed_lesson
FORM.CLAUSE.s3,FORM.CLAUSE,A1,support_objective,按意图调整基本句子,requires_reviewed_lesson
FORM.NEGATION.s1,FORM.NEGATION,A1,support_objective,识别否定范围,requires_reviewed_lesson
FORM.NEGATION.s2,FORM.NEGATION,A1,support_objective,表达否定,requires_reviewed_lesson
FORM.NEGATION.s3,FORM.NEGATION,A1,support_objective,纠正对方不正确的信息,requires_reviewed_lesson
FORM.QUANTITY.s1,FORM.QUANTITY,A1,support_objective,理解数量与单位,requires_reviewed_lesson
FORM.QUANTITY.s2,FORM.QUANTITY,A1,support_objective,表达数量和程度,requires_reviewed_lesson
FORM.QUANTITY.s3,FORM.QUANTITY,A1,support_objective,比较并核查差异,requires_reviewed_lesson
FORM.SPACE.s1,FORM.SPACE,A1,support_objective,理解位置关系,requires_reviewed_lesson
FORM.SPACE.s2,FORM.SPACE,A1,support_objective,说明方向与目标,requires_reviewed_lesson
FORM.SPACE.s3,FORM.SPACE,A1,support_objective,核查路线和位置,requires_reviewed_lesson
DISCOURSE.REFERENCE.s1,DISCOURSE.REFERENCE,A2,support_objective,使用明确指代,requires_reviewed_lesson
DISCOURSE.REFERENCE.s2,DISCOURSE.REFERENCE,A2,support_objective,追踪指代对象,requires_reviewed_lesson
DISCOURSE.REFERENCE.s3,DISCOURSE.REFERENCE,A2,support_objective,必要时复述消除歧义,requires_reviewed_lesson
