目标ID,原目标,审核后目标,审核决定,已采纳参考数量,CLB用途,用户课程状态
CONTACT.Pre-A1.s1,回应问候,回应问候,accept_specification_with_task_conditions,1,条件参考；非等级等价,需具体课程质检
CONTACT.Pre-A1.s2,主动问候,主动问候,accept_specification_with_task_conditions,1,条件参考；非等级等价,需具体课程质检
CONTACT.Pre-A1.s3,回应告别,回应告别,accept_specification_with_task_conditions,1,条件参考；非等级等价,需具体课程质检
CONTACT.A1.s1,说出姓名与身份,说出姓名与身份,accept_specification_with_task_conditions,3,条件参考；非等级等价,需具体课程质检
CONTACT.A1.s2,询问对方姓名,询问对方姓名,accept_specification_with_task_conditions,2,条件参考；非等级等价,需具体课程质检
CONTACT.A1.s3,回应介绍,回应介绍,accept_specification_with_task_conditions,0,条件参考；非等级等价,需具体课程质检
CONTACT.A2.s1,用熟悉话题开场,用熟悉话题开场,accept_specification_with_task_conditions,2,条件参考；非等级等价,需具体课程质检
CONTACT.A2.s2,回应对方信息,回应对方信息,accept_specification_with_task_conditions,1,条件参考；非等级等价,需具体课程质检
CONTACT.A2.s3,问一个相关问题,问一个相关问题,accept_specification_with_task_conditions,1,条件参考；非等级等价,需具体课程质检
CONTACT.B1.s1,承接上一条信息追问,承接上一条信息追问,accept_specification_with_task_conditions,1,条件参考；非等级等价,需具体课程质检
CONTACT.B1.s2,补充自己的相关经历,补充自己的相关经历,accept_specification_with_task_conditions,1,条件参考；非等级等价,需具体课程质检
CONTACT.B1.s3,用过渡表达换话题,用过渡表达换话题,accept_specification_with_task_conditions,0,条件参考；非等级等价,需具体课程质检
CONTACT.B2.s1,判断加入交谈的时机,在对方留出轮次或邀请参与时加入交谈，并回应当前话题,revise_and_accept_specification,1,条件参考；非等级等价,需具体课程质检
CONTACT.B2.s2,联系他人发言接话,联系他人发言接话,accept_specification_with_task_conditions,1,条件参考；非等级等价,需具体课程质检
CONTACT.B2.s3,维持并适当地结束交谈,维持并适当地结束交谈,accept_specification_with_task_conditions,1,条件参考；非等级等价,需具体课程质检
CONTACT.C1.s1,识别加入或结束的间接信号,根据交谈中的加入或结束信号作出相关回应，并允许核查信号含义,revise_and_accept_specification,0,条件参考；非等级等价,需具体课程质检
CONTACT.C1.s2,在多人轮次间自然接话,在多人轮次间自然接话,accept_specification_with_task_conditions,2,条件参考；非等级等价,需具体课程质检
CONTACT.C1.s3,根据关系调整开场和退出,根据关系调整开场和退出,accept_specification_with_task_conditions,0,条件参考；非等级等价,需具体课程质检
CONTACT.C2.s1,识别含蓄社交意图,说明对含蓄社交意图的理解，并通过回应或追问核查,revise_and_accept_specification,0,条件参考；非等级等价,需具体课程质检
CONTACT.C2.s2,传达细微态度并保留余地,传达细微态度并保留余地,accept_specification_with_task_conditions,1,条件参考；非等级等价,需具体课程质检
CONTACT.C2.s3,澄清暗示而不破坏交谈,澄清暗示而不破坏交谈,accept_specification_with_task_conditions,0,条件参考；非等级等价,需具体课程质检
INFO.Pre-A1.s1,说出姓名,说出姓名,accept_specification_with_task_conditions,1,条件参考；非等级等价,需具体课程质检
INFO.Pre-A1.s2,识别所问的数字,识别所问的数字,accept_specification_with_task_conditions,1,条件参考；非等级等价,需具体课程质检
INFO.Pre-A1.s3,用词或短语回应,用词或短语回应所问的姓名或数字,revise_and_accept_specification,0,条件参考；非等级等价,需具体课程质检
INFO.A1.s1,询问时间与地点,询问时间与地点,accept_specification_with_task_conditions,0,条件参考；非等级等价,需具体课程质检
INFO.A1.s2,提供联系方式,提供联系方式,accept_specification_with_task_conditions,2,条件参考；非等级等价,需具体课程质检
INFO.A1.s3,核对听到的信息,核对听到的信息,accept_specification_with_task_conditions,0,条件参考；非等级等价,需具体课程质检
INFO.A2.s1,询问与说明日程,询问与说明日程,accept_specification_with_task_conditions,3,条件参考；非等级等价,需具体课程质检
INFO.A2.s2,获取与说明路线,获取与说明路线,accept_specification_with_task_conditions,2,条件参考；非等级等价,需具体课程质检
INFO.A2.s3,核对数量和单位,核对数量和单位,accept_specification_with_task_conditions,0,条件参考；非等级等价,需具体课程质检
INFO.B1.s1,发现缺失的关键细节,指出还缺少哪项完成任务必需的信息,revise_and_accept_specification,0,条件参考；非等级等价,需具体课程质检
INFO.B1.s2,提出针对性追问,提出针对性追问,accept_specification_with_task_conditions,3,条件参考；非等级等价,需具体课程质检
INFO.B1.s3,复述核查所得信息,复述核查所得信息,accept_specification_with_task_conditions,1,条件参考；非等级等价,需具体课程质检
INFO.B2.s1,区分各来源的说法,区分各来源的说法,accept_specification_with_task_conditions,0,条件参考；非等级等价,需具体课程质检
INFO.B2.s2,指出具体矛盾,指出具体矛盾,accept_specification_with_task_conditions,0,条件参考；非等级等价,需具体课程质检
INFO.B2.s3,提出核查问题,提出核查问题,accept_specification_with_task_conditions,1,条件参考；非等级等价,需具体课程质检
INFO.C1.s1,明确结论适用范围,明确结论适用范围,accept_specification_with_task_conditions,0,条件参考；非等级等价,需具体课程质检
INFO.C1.s2,说明信息来源和可信程度,说明信息来源和可信程度,accept_specification_with_task_conditions,0,条件参考；非等级等价,需具体课程质检
INFO.C1.s3,追问隐含条件,追问隐含条件,accept_specification_with_task_conditions,0,条件参考；非等级等价,需具体课程质检
INFO.C2.s1,区分事实推断和概括,在给定信息中明确标示事实、推断和概括，并说明依据,revise_and_accept_specification,0,条件参考；非等级等价,需具体课程质检
INFO.C2.s2,精确说明例外与边界,精确说明例外与边界,accept_specification_with_task_conditions,1,条件参考；非等级等价,需具体课程质检
INFO.C2.s3,修正过度概括,修正过度概括,accept_specification_with_task_conditions,1,条件参考；非等级等价,需具体课程质检
DESCRIBE.Pre-A1.s1,指出所指人物,指出所指人物,accept_specification_with_task_conditions,0,条件参考；非等级等价,需具体课程质检
DESCRIBE.Pre-A1.s2,说出物品名称,说出物品名称,accept_specification_with_task_conditions,1,条件参考；非等级等价,需具体课程质检
DESCRIBE.Pre-A1.s3,用词说明一个属性,用词说明一个属性,accept_specification_with_task_conditions,2,条件参考；非等级等价,需具体课程质检
DESCRIBE.A1.s1,说明人物基本特征,说明人物基本特征,accept_specification_with_task_conditions,0,条件参考；非等级等价,需具体课程质检
DESCRIBE.A1.s2,描述物品属性,描述物品属性,accept_specification_with_task_conditions,2,条件参考；非等级等价,需具体课程质检
DESCRIBE.A1.s3,说明熟悉地点的位置和特点,说明熟悉地点的位置和特点,accept_specification_with_task_conditions,1,条件参考；非等级等价,需具体课程质检
DESCRIBE.A2.s1,说明生活习惯和频率,说明生活习惯和频率,accept_specification_with_task_conditions,1,条件参考；非等级等价,需具体课程质检
DESCRIBE.A2.s2,描述周围环境,描述周围环境,accept_specification_with_task_conditions,1,条件参考；非等级等价,需具体课程质检
DESCRIBE.A2.s3,回应关于描述的追问,回应关于描述的追问,accept_specification_with_task_conditions,0,条件参考；非等级等价,需具体课程质检
DESCRIBE.B1.s1,说明变化前后的差异,说明变化前后的差异,accept_specification_with_task_conditions,0,条件参考；非等级等价,需具体课程质检
DESCRIBE.B1.s2,给出变化的具体例子,给出变化的具体例子,accept_specification_with_task_conditions,1,条件参考；非等级等价,需具体课程质检
DESCRIBE.B1.s3,解释变化对自己的影响,解释变化对自己的影响,accept_specification_with_task_conditions,1,条件参考；非等级等价,需具体课程质检
DESCRIBE.B2.s1,选择描述的组织顺序,按一种清楚的顺序组织描述，让听者定位主要信息,revise_and_accept_specification,1,条件参考；非等级等价,需具体课程质检
DESCRIBE.B2.s2,突出主要特点,突出主要特点,accept_specification_with_task_conditions,1,条件参考；非等级等价,需具体课程质检
DESCRIBE.B2.s3,用细节说明复杂现象,用细节说明复杂现象,accept_specification_with_task_conditions,2,条件参考；非等级等价,需具体课程质检
DESCRIBE.C1.s1,判断听者需要的背景,通过询问或回应确认听者缺少的背景，并据此补充说明,revise_and_accept_specification,0,条件参考；非等级等价,需具体课程质检
DESCRIBE.C1.s2,重组复杂描述,重组复杂描述,accept_specification_with_task_conditions,0,条件参考；非等级等价,需具体课程质检
DESCRIBE.C1.s3,核查并补充听者不理解的部分,核查并补充听者不理解的部分,accept_specification_with_task_conditions,1,条件参考；非等级等价,需具体课程质检
DESCRIBE.C2.s1,选择精确的感官或概念细节,用明确的感官或概念细节说明体验，并澄清相近说法的差别,revise_and_accept_specification,0,条件参考；非等级等价,需具体课程质检
DESCRIBE.C2.s2,保持描述视角与风格,保持描述视角与风格,accept_specification_with_task_conditions,0,条件参考；非等级等价,需具体课程质检
DESCRIBE.C2.s3,解释细微差别,解释细微差别,accept_specification_with_task_conditions,0,条件参考；非等级等价,需具体课程质检
NEEDS.Pre-A1.s1,指出所需物品,指出所需物品,accept_specification_with_task_conditions,1,条件参考；非等级等价,需具体课程质检
NEEDS.Pre-A1.s2,表达想要,表达想要,accept_specification_with_task_conditions,1,条件参考；非等级等价,需具体课程质检
NEEDS.Pre-A1.s3,表达不想要,表达不想要,accept_specification_with_task_conditions,0,条件参考；非等级等价,需具体课程质检
NEEDS.A1.s1,表达喜欢或不喜欢,表达喜欢或不喜欢,accept_specification_with_task_conditions,1,条件参考；非等级等价,需具体课程质检
NEEDS.A1.s2,说明基本感受,说明基本感受,accept_specification_with_task_conditions,1,条件参考；非等级等价,需具体课程质检
NEEDS.A1.s3,提出即时需求,提出即时需求,accept_specification_with_task_conditions,3,条件参考；非等级等价,需具体课程质检
NEEDS.A2.s1,说明更喜欢哪一项,说明更喜欢哪一项,accept_specification_with_task_conditions,2,条件参考；非等级等价,需具体课程质检
NEEDS.A2.s2,给出一个偏好理由,给出一个偏好理由,accept_specification_with_task_conditions,3,条件参考；非等级等价,需具体课程质检
NEEDS.A2.s3,回应对方偏好,回应对方偏好,accept_specification_with_task_conditions,0,条件参考；非等级等价,需具体课程质检
NEEDS.B1.s1,说明感受发生的变化,说明感受发生的变化,accept_specification_with_task_conditions,1,条件参考；非等级等价,需具体课程质检
NEEDS.B1.s2,解释与感受相关的经历,解释与感受相关的经历,accept_specification_with_task_conditions,1,条件参考；非等级等价,需具体课程质检
NEEDS.B1.s3,询问并回应对方体验,询问并回应对方体验,accept_specification_with_task_conditions,1,条件参考；非等级等价,需具体课程质检
NEEDS.B2.s1,区分同时存在的不同感受,区分同时存在的不同感受,accept_specification_with_task_conditions,1,条件参考；非等级等价,需具体课程质检
NEEDS.B2.s2,说明相互冲突的需要,说明相互冲突的需要,accept_specification_with_task_conditions,0,条件参考；非等级等价,需具体课程质检
NEEDS.B2.s3,表达权衡后的优先选择,表达权衡后的优先选择,accept_specification_with_task_conditions,0,条件参考；非等级等价,需具体课程质检
NEEDS.C1.s1,表达敏感感受而不臆测对方,表达敏感感受而不臆测对方,accept_specification_with_task_conditions,0,条件参考；非等级等价,需具体课程质检
NEEDS.C1.s2,说明期待的回应,说明期待的回应,accept_specification_with_task_conditions,0,条件参考；非等级等价,需具体课程质检
NEEDS.C1.s3,核查对方对感受的理解,核查对方对感受的理解,accept_specification_with_task_conditions,0,条件参考；非等级等价,需具体课程质检
NEEDS.C2.s1,区分细微情绪,区分细微情绪,accept_specification_with_task_conditions,0,条件参考；非等级等价,需具体课程质检
NEEDS.C2.s2,表达保留或不确定的意见,表达保留或不确定的意见,accept_specification_with_task_conditions,0,条件参考；非等级等价,需具体课程质检
NEEDS.C2.s3,调节表达强度,调节表达强度,accept_specification_with_task_conditions,1,条件参考；非等级等价,需具体课程质检
STORY.A1.s1,说出日常活动,说出日常活动,accept_specification_with_task_conditions,2,条件参考；非等级等价,需具体课程质检
STORY.A1.s2,标明简单先后顺序,标明简单先后顺序,accept_specification_with_task_conditions,1,条件参考；非等级等价,需具体课程质检
STORY.A1.s3,补充时间信息,补充时间信息,accept_specification_with_task_conditions,0,条件参考；非等级等价,需具体课程质检
STORY.A2.s1,标明过去的时间与事件,标明过去的时间与事件,accept_specification_with_task_conditions,1,条件参考；非等级等价,需具体课程质检
STORY.A2.s2,按顺序简述经历,按顺序简述经历,accept_specification_with_task_conditions,1,条件参考；非等级等价,需具体课程质检
STORY.A2.s3,另行说明未来计划,另行说明未来计划,accept_specification_with_task_conditions,2,条件参考；非等级等价,需具体课程质检
STORY.B1.s1,交代事件背景,交代事件背景,accept_specification_with_task_conditions,2,条件参考；非等级等价,需具体课程质检
STORY.B1.s2,连接原因与结果,连接原因与结果,accept_specification_with_task_conditions,1,条件参考；非等级等价,需具体课程质检
STORY.B1.s3,回应经历相关追问,回应经历相关追问,accept_specification_with_task_conditions,2,条件参考；非等级等价,需具体课程质检
STORY.B2.s1,组织多个事件,组织多个事件,accept_specification_with_task_conditions,2,条件参考；非等级等价,需具体课程质检
STORY.B2.s2,突出关键转折,突出关键转折,accept_specification_with_task_conditions,0,条件参考；非等级等价,需具体课程质检
STORY.B2.s3,解释事件后果,解释事件后果,accept_specification_with_task_conditions,0,条件参考；非等级等价,需具体课程质检
STORY.C1.s1,根据沟通目的调整结构,为给定沟通目的重组事件顺序或重点，并保持事实一致,revise_and_accept_specification,0,条件参考；非等级等价,需具体课程质检
STORY.C1.s2,补充复杂经历的必要背景,补充复杂经历的必要背景,accept_specification_with_task_conditions,0,条件参考；非等级等价,需具体课程质检
STORY.C1.s3,回应对叙述关系的质疑,回应对叙述关系的质疑,accept_specification_with_task_conditions,0,条件参考；非等级等价,需具体课程质检
STORY.C2.s1,保持并调整叙述视角,通过人物称谓与信息取舍标示叙述视角，改变视角时交代清楚,revise_and_accept_specification,0,条件参考；非等级等价,需具体课程质检
STORY.C2.s2,用修辞传达微妙意义,用修辞传达微妙意义,accept_specification_with_task_conditions,0,条件参考；非等级等价,需具体课程质检
STORY.C2.s3,区分事实叙述与态度,区分事实叙述与态度,accept_specification_with_task_conditions,0,条件参考；非等级等价,需具体课程质检
EXPLAIN.A1.s1,说明物品所在位置,说明物品所在位置,accept_specification_with_task_conditions,1,条件参考；非等级等价,需具体课程质检
EXPLAIN.A1.s2,说明物品用途,说明物品用途,accept_specification_with_task_conditions,0,条件参考；非等级等价,需具体课程质检
EXPLAIN.A1.s3,回应简单用途问题,回应简单用途问题,accept_specification_with_task_conditions,0,条件参考；非等级等价,需具体课程质检
EXPLAIN.A2.s1,按顺序说明操作步骤,按顺序说明操作步骤,accept_specification_with_task_conditions,2,条件参考；非等级等价,需具体课程质检
EXPLAIN.A2.s2,描述观察到的问题,描述观察到的问题,accept_specification_with_task_conditions,1,条件参考；非等级等价,需具体课程质检
EXPLAIN.A2.s3,确认对方理解步骤,确认对方理解步骤,accept_specification_with_task_conditions,0,条件参考；非等级等价,需具体课程质检
EXPLAIN.B1.s1,描述故障现象,描述故障现象,accept_specification_with_task_conditions,1,条件参考；非等级等价,需具体课程质检
EXPLAIN.B1.s2,解释已知原因并说明不确定处,解释已知原因并说明不确定处,accept_specification_with_task_conditions,1,条件参考；非等级等价,需具体课程质检
EXPLAIN.B1.s3,提出并说明可行处理办法,提出并说明可行处理办法,accept_specification_with_task_conditions,1,条件参考；非等级等价,需具体课程质检
EXPLAIN.B2.s1,区分多个影响因素,区分多个影响因素,accept_specification_with_task_conditions,0,条件参考；非等级等价,需具体课程质检
EXPLAIN.B2.s2,说明条件和限制,说明条件和限制,accept_specification_with_task_conditions,0,条件参考；非等级等价,需具体课程质检
EXPLAIN.B2.s3,解释因素之间的关系,解释因素之间的关系,accept_specification_with_task_conditions,1,条件参考；非等级等价,需具体课程质检
EXPLAIN.C1.s1,根据听者背景选择解释方式,根据听者背景选择解释方式,accept_specification_with_task_conditions,0,条件参考；非等级等价,需具体课程质检
EXPLAIN.C1.s2,分段说明复杂过程,分段说明复杂过程,accept_specification_with_task_conditions,0,条件参考；非等级等价,需具体课程质检
EXPLAIN.C1.s3,用改述或例子消除理解障碍,用改述或例子消除理解障碍,accept_specification_with_task_conditions,0,条件参考；非等级等价,需具体课程质检
EXPLAIN.C2.s1,精确表达机制与条件关系,精确表达机制与条件关系,accept_specification_with_task_conditions,0,条件参考；非等级等价,需具体课程质检
EXPLAIN.C2.s2,说明例外和反例,说明例外和反例,accept_specification_with_task_conditions,0,条件参考；非等级等价,需具体课程质检
EXPLAIN.C2.s3,修正易引起误解的解释,修正易引起误解的解释,accept_specification_with_task_conditions,1,条件参考；非等级等价,需具体课程质检
REQUEST.Pre-A1.s1,吸引对方注意,吸引对方注意,accept_specification_with_task_conditions,0,条件参考；非等级等价,需具体课程质检
REQUEST.Pre-A1.s2,请求具体帮助,请求具体帮助,accept_specification_with_task_conditions,1,条件参考；非等级等价,需具体课程质检
REQUEST.Pre-A1.s3,回应帮助提议,回应帮助提议,accept_specification_with_task_conditions,0,条件参考；非等级等价,需具体课程质检
REQUEST.A1.s1,提出简单请求,提出简单请求,accept_specification_with_task_conditions,1,条件参考；非等级等价,需具体课程质检
REQUEST.A1.s2,接受请求,接受请求,accept_specification_with_task_conditions,1,条件参考；非等级等价,需具体课程质检
REQUEST.A1.s3,拒绝请求,拒绝请求,accept_specification_with_task_conditions,1,条件参考；非等级等价,需具体课程质检
REQUEST.A2.s1,发出包含活动的邀请,发出包含活动的邀请,accept_specification_with_task_conditions,1,条件参考；非等级等价,需具体课程质检
REQUEST.A2.s2.accept,接受邀请,接受邀请,accept_specification_with_task_conditions,1,条件参考；非等级等价,需具体课程质检
REQUEST.A2.s2.decline,婉拒邀请,婉拒邀请,accept_specification_with_task_conditions,0,条件参考；非等级等价,需具体课程质检
REQUEST.A2.s3,提出替代活动或时间,提出替代活动或时间,accept_specification_with_task_conditions,1,条件参考；非等级等价,需具体课程质检
REQUEST.B1.s1,根据关系选择请求语气,向给定关系的对象提出请求，说明所需帮助并采用可理解的语气,revise_and_accept_specification,2,条件参考；非等级等价,需具体课程质检
REQUEST.B1.s2,说明请求原因,说明请求原因,accept_specification_with_task_conditions,1,条件参考；非等级等价,需具体课程质检
REQUEST.B1.s3,回应对方的追问,回应对方的追问,accept_specification_with_task_conditions,0,条件参考；非等级等价,需具体课程质检
REQUEST.B2.s1,说明请求范围,说明请求范围,accept_specification_with_task_conditions,0,条件参考；非等级等价,需具体课程质检
REQUEST.B2.s2,协商可接受的范围,协商可接受的范围,accept_specification_with_task_conditions,0,条件参考；非等级等价,需具体课程质检
REQUEST.B2.s3,根据负担程度调整礼貌,根据负担程度调整礼貌,accept_specification_with_task_conditions,0,条件参考；非等级等价,需具体课程质检
REQUEST.C1.s1,提出敏感请求,提出敏感请求,accept_specification_with_task_conditions,0,条件参考；非等级等价,需具体课程质检
REQUEST.C1.s2,明确对方可以拒绝或选择,明确对方可以拒绝或选择,accept_specification_with_task_conditions,0,条件参考；非等级等价,需具体课程质检
REQUEST.C1.s3,回应保留意见,回应保留意见,accept_specification_with_task_conditions,0,条件参考；非等级等价,需具体课程质检
REQUEST.C2.s1,判断关系和权力对表达的影响,在给定角色关系下提出同一请求的不同说法，避免改变所请求的帮助,revise_and_accept_specification,0,条件参考；非等级等价,需具体课程质检
REQUEST.C2.s2,用含蓄方式提出请求,用含蓄方式提出请求,accept_specification_with_task_conditions,0,条件参考；非等级等价,需具体课程质检
REQUEST.C2.s3,澄清真实请求范围,澄清真实请求范围,accept_specification_with_task_conditions,0,条件参考；非等级等价,需具体课程质检
ARRANGE.A1.s1,提出一个时间或地点,提出一个时间或地点,accept_specification_with_task_conditions,2,条件参考；非等级等价,需具体课程质检
ARRANGE.A1.s2,理解对方提议,理解对方提议,accept_specification_with_task_conditions,0,条件参考；非等级等价,需具体课程质检
ARRANGE.A1.s3,确认最终安排,确认最终安排,accept_specification_with_task_conditions,1,条件参考；非等级等价,需具体课程质检
ARRANGE.A2.s1,说明原时间不方便,说明原时间不方便,accept_specification_with_task_conditions,1,条件参考；非等级等价,需具体课程质检
ARRANGE.A2.s2,提出可行替代时间,提出可行替代时间,accept_specification_with_task_conditions,3,条件参考；非等级等价,需具体课程质检
ARRANGE.A2.s3,核对双方最终安排,核对双方最终安排,accept_specification_with_task_conditions,1,条件参考；非等级等价,需具体课程质检
ARRANGE.B1.s1,获取各方限制条件,获取各方限制条件,accept_specification_with_task_conditions,0,条件参考；非等级等价,需具体课程质检
ARRANGE.B1.s2,提出满足限制的共同计划,提出满足限制的共同计划,accept_specification_with_task_conditions,4,条件参考；非等级等价,需具体课程质检
ARRANGE.B1.s3,确认职责和时间,确认职责和时间,accept_specification_with_task_conditions,0,条件参考；非等级等价,需具体课程质检
ARRANGE.B2.s1,比较不同方案,比较不同方案,accept_specification_with_task_conditions,0,条件参考；非等级等价,需具体课程质检
ARRANGE.B2.s2,表达可接受的取舍,表达可接受的取舍,accept_specification_with_task_conditions,4,条件参考；非等级等价,需具体课程质检
ARRANGE.B2.s3,确认协商结果,确认协商结果,accept_specification_with_task_conditions,1,条件参考；非等级等价,需具体课程质检
ARRANGE.C1.s1,澄清各方利益与分歧,澄清各方利益与分歧,accept_specification_with_task_conditions,1,条件参考；非等级等价,需具体课程质检
ARRANGE.C1.s2,提出调整方案,提出调整方案,accept_specification_with_task_conditions,2,条件参考；非等级等价,需具体课程质检
ARRANGE.C1.s3,核查各方是否同意,核查各方是否同意,accept_specification_with_task_conditions,0,条件参考；非等级等价,需具体课程质检
ARRANGE.C2.s1,澄清模糊目标,澄清模糊目标,accept_specification_with_task_conditions,0,条件参考；非等级等价,需具体课程质检
ARRANGE.C2.s2,明确冲突与权衡,明确冲突与权衡,accept_specification_with_task_conditions,0,条件参考；非等级等价,需具体课程质检
ARRANGE.C2.s3,总结并促成可执行决定,总结并促成可执行决定,accept_specification_with_task_conditions,0,条件参考；非等级等价,需具体课程质检
SERVICE.Pre-A1.s1,说出所需物品,说出所需物品,accept_specification_with_task_conditions,2,条件参考；非等级等价,需具体课程质检
SERVICE.Pre-A1.s2,说明数量,说明数量,accept_specification_with_task_conditions,1,条件参考；非等级等价,需具体课程质检
SERVICE.Pre-A1.s3,回应简单确认,回应简单确认,accept_specification_with_task_conditions,1,条件参考；非等级等价,需具体课程质检
SERVICE.A1.s1,说明要买或点的东西,说明要买或点的东西,accept_specification_with_task_conditions,3,条件参考；非等级等价,需具体课程质检
SERVICE.A1.s2,询问价格,询问价格,accept_specification_with_task_conditions,2,条件参考；非等级等价,需具体课程质检
SERVICE.A1.s3,核对商品数量与价格,核对商品数量与价格,accept_specification_with_task_conditions,0,条件参考；非等级等价,需具体课程质检
SERVICE.A2.s1,询价并核对费用范围,询价并核对费用范围,accept_specification_with_task_conditions,1,条件参考；非等级等价,需具体课程质检
SERVICE.A2.s2,完成预订并确认条件,完成预订并确认条件,accept_specification_with_task_conditions,1,条件参考；非等级等价,需具体课程质检
SERVICE.A2.s3,问路并核对关键路线,问路并核对关键路线,accept_specification_with_task_conditions,1,条件参考；非等级等价,需具体课程质检
SERVICE.B1.s1,说明预订与实际的差异,说明预订与实际的差异,accept_specification_with_task_conditions,0,条件参考；非等级等价,需具体课程质检
SERVICE.B1.s2,提出退换请求并说明原因,提出退换请求并说明原因,accept_specification_with_task_conditions,0,条件参考；非等级等价,需具体课程质检
SERVICE.B1.s3,描述服务故障并请求处理,描述服务故障并请求处理,accept_specification_with_task_conditions,2,条件参考；非等级等价,需具体课程质检
SERVICE.B2.s1,组织复杂问题的事实和时间线,组织复杂问题的事实和时间线,accept_specification_with_task_conditions,1,条件参考；非等级等价,需具体课程质检
SERVICE.B2.s2,提出处理诉求及理由,提出处理诉求及理由,accept_specification_with_task_conditions,1,条件参考；非等级等价,需具体课程质检
SERVICE.B2.s3,协商并确认解决方案,协商并确认解决方案,accept_specification_with_task_conditions,1,条件参考；非等级等价,需具体课程质检
SERVICE.C1.s1,指出不明确的条款,指出不明确的条款,accept_specification_with_task_conditions,0,条件参考；非等级等价,需具体课程质检
SERVICE.C1.s2,核查责任和例外,核查责任和例外,accept_specification_with_task_conditions,0,条件参考；非等级等价,需具体课程质检
SERVICE.C1.s3,复述确认最终理解,复述确认最终理解,accept_specification_with_task_conditions,0,条件参考；非等级等价,需具体课程质检
COMPARE.A1.s1,指出共同属性,指出共同属性,accept_specification_with_task_conditions,0,条件参考；非等级等价,需具体课程质检
COMPARE.A1.s2,说明一项差异,说明一项差异,accept_specification_with_task_conditions,1,条件参考；非等级等价,需具体课程质检
COMPARE.A1.s3,表达简单选择,表达简单选择,accept_specification_with_task_conditions,0,条件参考；非等级等价,需具体课程质检
COMPARE.A2.s1,按同一标准比较价格,按同一标准比较价格,accept_specification_with_task_conditions,2,条件参考；非等级等价,需具体课程质检
COMPARE.A2.s2,按位置等标准比较,按位置等标准比较,accept_specification_with_task_conditions,1,条件参考；非等级等价,需具体课程质检
COMPARE.A2.s3,说明比较后的偏好,说明比较后的偏好,accept_specification_with_task_conditions,1,条件参考；非等级等价,需具体课程质检
COMPARE.B1.s1,按多个标准比较选择,按多个标准比较选择,accept_specification_with_task_conditions,1,条件参考；非等级等价,需具体课程质检
COMPARE.B1.s2,给出推荐及理由,给出推荐及理由,accept_specification_with_task_conditions,1,条件参考；非等级等价,需具体课程质检
COMPARE.B1.s3,回应推荐相关追问,回应推荐相关追问,accept_specification_with_task_conditions,0,条件参考；非等级等价,需具体课程质检
COMPARE.B2.s1,比较短期与长期影响,比较短期与长期影响,accept_specification_with_task_conditions,3,条件参考；非等级等价,需具体课程质检
COMPARE.B2.s2,说明风险和收益,说明风险和收益,accept_specification_with_task_conditions,3,条件参考；非等级等价,需具体课程质检
COMPARE.B2.s3,表达权衡及条件,表达权衡及条件,accept_specification_with_task_conditions,2,条件参考；非等级等价,需具体课程质检
COMPARE.C1.s1,区分证据与主张,说明给定材料中的证据和主张分别是什么,revise_and_accept_specification,0,条件参考；非等级等价,需具体课程质检
COMPARE.C1.s2,说明证据的局限,说明证据的局限,accept_specification_with_task_conditions,0,条件参考；非等级等价,需具体课程质检
COMPARE.C1.s3,给出有条件的推荐,给出有条件的推荐,accept_specification_with_task_conditions,0,条件参考；非等级等价,需具体课程质检
COMPARE.C2.s1,识别隐性权衡,说明给定方案的隐性取舍，并用材料中的条件支持解释,revise_and_accept_specification,0,条件参考；非等级等价,需具体课程质检
COMPARE.C2.s2,精确说明条件变化的影响,精确说明条件变化的影响,accept_specification_with_task_conditions,0,条件参考；非等级等价,需具体课程质检
COMPARE.C2.s3,限定比较结论,限定比较结论,accept_specification_with_task_conditions,0,条件参考；非等级等价,需具体课程质检
OPINION.A1.s1,表达赞同,表达赞同,accept_specification_with_task_conditions,1,条件参考；非等级等价,需具体课程质检
OPINION.A1.s2,表达不赞同,表达不赞同,accept_specification_with_task_conditions,0,条件参考；非等级等价,需具体课程质检
OPINION.A1.s3,回应对方立场,回应对方立场,accept_specification_with_task_conditions,1,条件参考；非等级等价,需具体课程质检
OPINION.A2.s1,说出自己的观点,说出自己的观点,accept_specification_with_task_conditions,1,条件参考；非等级等价,需具体课程质检
OPINION.A2.s2,给出一个原因,给出一个原因,accept_specification_with_task_conditions,1,条件参考；非等级等价,需具体课程质检
OPINION.A2.s3,询问对方观点,询问对方观点,accept_specification_with_task_conditions,0,条件参考；非等级等价,需具体课程质检
OPINION.B1.s1,组织观点与理由,组织观点与理由,accept_specification_with_task_conditions,2,条件参考；非等级等价,需具体课程质检
OPINION.B1.s2,给出相关例子,给出相关例子,accept_specification_with_task_conditions,0,条件参考；非等级等价,需具体课程质检
OPINION.B1.s3,回应针对观点的追问,回应针对观点的追问,accept_specification_with_task_conditions,0,条件参考；非等级等价,需具体课程质检
OPINION.B2.s1,建立论点与证据联系,建立论点与证据联系,accept_specification_with_task_conditions,3,条件参考；非等级等价,需具体课程质检
OPINION.B2.s2,准确理解反对意见,准确理解反对意见,accept_specification_with_task_conditions,0,条件参考；非等级等价,需具体课程质检
OPINION.B2.s3,回应反对意见并限定结论,回应反对意见并限定结论,accept_specification_with_task_conditions,4,条件参考；非等级等价,需具体课程质检
OPINION.C1.s1,区分复杂议题的不同论点,区分复杂议题的不同论点,accept_specification_with_task_conditions,2,条件参考；非等级等价,需具体课程质检
OPINION.C1.s2,说明论证的条件与假设,说明论证的条件与假设,accept_specification_with_task_conditions,0,条件参考；非等级等价,需具体课程质检
OPINION.C1.s3,回应抽象议题的质疑,回应抽象议题的质疑,accept_specification_with_task_conditions,2,条件参考；非等级等价,需具体课程质检
OPINION.C2.s1,区分细微立场差异,区分细微立场差异,accept_specification_with_task_conditions,0,条件参考；非等级等价,需具体课程质检
OPINION.C2.s2,公平重述对方论证,公平重述对方论证,accept_specification_with_task_conditions,0,条件参考；非等级等价,需具体课程质检
OPINION.C2.s3,调整或反驳论证中的具体环节,调整或反驳论证中的具体环节,accept_specification_with_task_conditions,1,条件参考；非等级等价,需具体课程质检
RELATE.Pre-A1.s1,回应感谢,回应感谢,accept_specification_with_task_conditions,1,条件参考；非等级等价,需具体课程质检
RELATE.Pre-A1.s2,回应简单道歉,回应简单道歉,accept_specification_with_task_conditions,0,条件参考；非等级等价,需具体课程质检
RELATE.Pre-A1.s3,用熟悉礼貌表达结束回应,用熟悉礼貌表达结束回应,accept_specification_with_task_conditions,0,条件参考；非等级等价,需具体课程质检
RELATE.A1.s1.express,表达感谢,表达感谢,accept_specification_with_task_conditions,1,条件参考；非等级等价,需具体课程质检
RELATE.A1.s1.respond,回应感谢,回应感谢,accept_specification_with_task_conditions,0,条件参考；非等级等价,需具体课程质检
RELATE.A1.s2.express,表达道歉,表达道歉,accept_specification_with_task_conditions,1,条件参考；非等级等价,需具体课程质检
RELATE.A1.s2.respond,回应道歉,回应道歉,accept_specification_with_task_conditions,1,条件参考；非等级等价,需具体课程质检
RELATE.A1.s3.express,表达祝贺,表达祝贺,accept_specification_with_task_conditions,0,条件参考；非等级等价,需具体课程质检
RELATE.A1.s3.respond,回应祝贺,回应祝贺,accept_specification_with_task_conditions,0,条件参考；非等级等价,需具体课程质检
RELATE.A2.s1,婉拒提议,婉拒提议,accept_specification_with_task_conditions,2,条件参考；非等级等价,需具体课程质检
RELATE.A2.s2,表达关心,表达关心,accept_specification_with_task_conditions,1,条件参考；非等级等价,需具体课程质检
RELATE.A2.s3,解释简单理由,解释简单理由,accept_specification_with_task_conditions,0,条件参考；非等级等价,需具体课程质检
RELATE.B1.s1,说明具体分歧,说明具体分歧,accept_specification_with_task_conditions,3,条件参考；非等级等价,需具体课程质检
RELATE.B1.s2,核查误会发生在哪里,核查误会发生在哪里,accept_specification_with_task_conditions,0,条件参考；非等级等价,需具体课程质检
RELATE.B1.s3,解释原意并修复误会,解释原意并修复误会,accept_specification_with_task_conditions,1,条件参考；非等级等价,需具体课程质检
RELATE.B2.s1,表达个人边界,表达个人边界,accept_specification_with_task_conditions,0,条件参考；非等级等价,需具体课程质检
RELATE.B2.s2,给出具体建设性反馈,给出具体建设性反馈,accept_specification_with_task_conditions,2,条件参考；非等级等价,需具体课程质检
RELATE.B2.s3,回应反馈并协商后续,回应反馈并协商后续,accept_specification_with_task_conditions,1,条件参考；非等级等价,需具体课程质检
RELATE.C1.s1,识别隐含立场,回应或复述对方可能的隐含立场，并允许对方纠正理解,revise_and_accept_specification,0,条件参考；非等级等价,需具体课程质检
RELATE.C1.s2,表达敏感分歧,表达敏感分歧,accept_specification_with_task_conditions,2,条件参考；非等级等价,需具体课程质检
RELATE.C1.s3,调整语气并核查理解,调整语气并核查理解,accept_specification_with_task_conditions,1,条件参考；非等级等价,需具体课程质检
RELATE.C2.s1,区分立场与关系信号,在回应中说明立场和关系信号各指什么，并核查理解,revise_and_accept_specification,0,条件参考；非等级等价,需具体课程质检
RELATE.C2.s2,精确调节语气和表达强度,精确调节语气和表达强度,accept_specification_with_task_conditions,1,条件参考；非等级等价,需具体课程质检
RELATE.C2.s3,回应高敏感交流中的含蓄意图,回应高敏感交流中的含蓄意图,accept_specification_with_task_conditions,0,条件参考；非等级等价,需具体课程质检
COLLAB.A2.s1,理解共同任务,通过复述或相关提问确认共同任务的内容,revise_and_accept_specification,0,条件参考；非等级等价,需具体课程质检
COLLAB.A2.s2,轮流贡献相关信息,轮流贡献相关信息,accept_specification_with_task_conditions,2,条件参考；非等级等价,需具体课程质检
COLLAB.A2.s3,确认共同结果,确认共同结果,accept_specification_with_task_conditions,0,条件参考；非等级等价,需具体课程质检
COLLAB.B1.s1,汇报完成情况,汇报完成情况,accept_specification_with_task_conditions,0,条件参考；非等级等价,需具体课程质检
COLLAB.B1.s2,澄清任务要求,澄清任务要求,accept_specification_with_task_conditions,2,条件参考；非等级等价,需具体课程质检
COLLAB.B1.s3,承接他人发言,承接他人发言,accept_specification_with_task_conditions,2,条件参考；非等级等价,需具体课程质检
COLLAB.B2.s1,在多人讨论中贡献相关意见,在多人讨论中贡献相关意见,accept_specification_with_task_conditions,2,条件参考；非等级等价,需具体课程质检
COLLAB.B2.s2,总结行动事项,总结行动事项,accept_specification_with_task_conditions,1,条件参考；非等级等价,需具体课程质检
COLLAB.B2.s3,确认责任人和期限,确认责任人和期限,accept_specification_with_task_conditions,0,条件参考；非等级等价,需具体课程质检
COLLAB.C1.s1,提出议程并组织讨论,提出议程并组织讨论,accept_specification_with_task_conditions,3,条件参考；非等级等价,需具体课程质检
COLLAB.C1.s2,帮助他人加入发言,帮助他人加入发言,accept_specification_with_task_conditions,1,条件参考；非等级等价,需具体课程质检
COLLAB.C1.s3,总结分歧和共识,总结分歧和共识,accept_specification_with_task_conditions,1,条件参考；非等级等价,需具体课程质检
COLLAB.C2.s1,跟进快速复杂讨论,在快速复杂讨论中回应相关信息并追问遗漏，显示已跟进讨论,revise_and_accept_specification,0,条件参考；非等级等价,需具体课程质检
COLLAB.C2.s2,重构分歧双方的意思,重构分歧双方的意思,accept_specification_with_task_conditions,0,条件参考；非等级等价,需具体课程质检
COLLAB.C2.s3,促成共同理解并核对,促成共同理解并核对,accept_specification_with_task_conditions,0,条件参考；非等级等价,需具体课程质检
REPAIR.Pre-A1.s1,表示没听懂,表示没听懂,accept_specification_with_task_conditions,2,条件参考；非等级等价,需具体课程质检
REPAIR.Pre-A1.s2,请求帮助,请求帮助,accept_specification_with_task_conditions,2,条件参考；非等级等价,需具体课程质检
REPAIR.Pre-A1.s3,在支持下重新回应,在支持下重新回应,accept_specification_with_task_conditions,0,条件参考；非等级等价,需具体课程质检
REPAIR.A1.s1,请求重复,请求重复,accept_specification_with_task_conditions,1,条件参考；非等级等价,需具体课程质检
REPAIR.A1.s2,请求放慢,请求放慢,accept_specification_with_task_conditions,0,条件参考；非等级等价,需具体课程质检
REPAIR.A1.s3,请求拼写关键词,请求拼写关键词,accept_specification_with_task_conditions,2,条件参考；非等级等价,需具体课程质检
REPAIR.A2.s1,复述确认关键意思,复述确认关键意思,accept_specification_with_task_conditions,1,条件参考；非等级等价,需具体课程质检
REPAIR.A2.s2,指出不理解的词或部分,指出不理解的词或部分,accept_specification_with_task_conditions,1,条件参考；非等级等价,需具体课程质检
REPAIR.A2.s3,缺词时用简单描述补足,缺词时用简单描述补足,accept_specification_with_task_conditions,1,条件参考；非等级等价,需具体课程质检
REPAIR.B1.s1,指出误解的具体位置,指出误解的具体位置,accept_specification_with_task_conditions,1,条件参考；非等级等价,需具体课程质检
REPAIR.B1.s2,换一种说法解释,换一种说法解释,accept_specification_with_task_conditions,1,条件参考；非等级等价,需具体课程质检
REPAIR.B1.s3,核查误解是否解决,核查误解是否解决,accept_specification_with_task_conditions,1,条件参考；非等级等价,需具体课程质检
REPAIR.B2.s1,追问歧义中的指代或条件,追问歧义中的指代或条件,accept_specification_with_task_conditions,4,条件参考；非等级等价,需具体课程质检
REPAIR.B2.s2,区别多种可能理解,区别多种可能理解,accept_specification_with_task_conditions,0,条件参考；非等级等价,需具体课程质检
REPAIR.B2.s3,复述核查正确理解,复述核查正确理解,accept_specification_with_task_conditions,2,条件参考；非等级等价,需具体课程质检
REPAIR.C1.s1,定位复杂理解障碍,指出复杂信息中具体无法理解的部分，并提出澄清问题,revise_and_accept_specification,0,条件参考；非等级等价,需具体课程质检
REPAIR.C1.s2,分段重新组织意思,分段重新组织意思,accept_specification_with_task_conditions,5,条件参考；非等级等价,需具体课程质检
REPAIR.C1.s3,逐段确认理解,逐段确认理解,accept_specification_with_task_conditions,2,条件参考；非等级等价,需具体课程质检
REPAIR.C2.s1,自然重构复杂表达,自然重构复杂表达,accept_specification_with_task_conditions,1,条件参考；非等级等价,需具体课程质检
REPAIR.C2.s2,保留细微限定和态度,保留细微限定和态度,accept_specification_with_task_conditions,0,条件参考；非等级等价,需具体课程质检
REPAIR.C2.s3,确认改述未改变原意,确认改述未改变原意,accept_specification_with_task_conditions,1,条件参考；非等级等价,需具体课程质检
LISTEN.Pre-A1.s1,识别熟悉问题,识别熟悉问题,accept_specification_with_task_conditions,3,条件参考；非等级等价,需具体课程质检
LISTEN.Pre-A1.s2,识别所需数字,识别所需数字,accept_specification_with_task_conditions,3,条件参考；非等级等价,需具体课程质检
LISTEN.Pre-A1.s3,选择与听到内容匹配的回应,选择与听到内容匹配的回应,accept_specification_with_task_conditions,0,条件参考；非等级等价,需具体课程质检
LISTEN.A1.s1,识别短问句的询问信息,识别短问句的询问信息,accept_specification_with_task_conditions,2,条件参考；非等级等价,需具体课程质检
LISTEN.A1.s2,理解慢速简单指令,理解慢速简单指令,accept_specification_with_task_conditions,2,条件参考；非等级等价,需具体课程质检
LISTEN.A1.s3,依据指令行动,依据指令行动,accept_specification_with_task_conditions,2,条件参考；非等级等价,需具体课程质检
LISTEN.A2.s1,识别短对话的沟通意图,识别短对话的沟通意图,accept_specification_with_task_conditions,0,条件参考；非等级等价,需具体课程质检
LISTEN.A2.s2,提取时间数量等关键细节,提取时间数量等关键细节,accept_specification_with_task_conditions,5,条件参考；非等级等价,需具体课程质检
LISTEN.A2.s3,区分否定或改变条件的信息,区分否定或改变条件的信息,accept_specification_with_task_conditions,0,条件参考；非等级等价,需具体课程质检
LISTEN.B1.s1,理解熟悉话题主旨,理解熟悉话题主旨,accept_specification_with_task_conditions,5,条件参考；非等级等价,需具体课程质检
LISTEN.B1.s2,连接关键细节,连接关键细节,accept_specification_with_task_conditions,1,条件参考；非等级等价,需具体课程质检
LISTEN.B1.s3,针对遗漏提出追问,针对遗漏提出追问,accept_specification_with_task_conditions,0,条件参考；非等级等价,需具体课程质检
LISTEN.B2.s1,跟进较长解释的结构,跟进较长解释的结构,accept_specification_with_task_conditions,2,条件参考；非等级等价,需具体课程质检
LISTEN.B2.s2,区分说话者观点,区分说话者观点,accept_specification_with_task_conditions,1,条件参考；非等级等价,需具体课程质检
LISTEN.B2.s3,理解理由与结论的关系,理解理由与结论的关系,accept_specification_with_task_conditions,2,条件参考；非等级等价,需具体课程质检
LISTEN.C1.s1,识别未明说的立场,识别未明说的立场,accept_specification_with_task_conditions,5,条件参考；非等级等价,需具体课程质检
LISTEN.C1.s2,利用语体和语调理解态度,利用语体和语调理解态度,accept_specification_with_task_conditions,2,条件参考；非等级等价,需具体课程质检
LISTEN.C1.s3,连接未明确标示的信息关系,连接未明确标示的信息关系,accept_specification_with_task_conditions,2,条件参考；非等级等价,需具体课程质检
LISTEN.C2.s1,跟进快速复杂交流,跟进快速复杂交流,accept_specification_with_task_conditions,1,条件参考；非等级等价,需具体课程质检
LISTEN.C2.s2,区分细微含义与限定,区分细微含义与限定,accept_specification_with_task_conditions,1,条件参考；非等级等价,需具体课程质检
LISTEN.C2.s3,核查推断与原话的区别,核查推断与原话的区别,accept_specification_with_task_conditions,0,条件参考；非等级等价,需具体课程质检
MEDIA.A1.s1,识别公告主题,识别公告主题,accept_specification_with_task_conditions,0,条件参考；非等级等价,需具体课程质检
MEDIA.A1.s2,提取时间,提取时间,accept_specification_with_task_conditions,1,条件参考；非等级等价,需具体课程质检
MEDIA.A1.s3,提取地点并采取相应行动,提取地点并采取相应行动,accept_specification_with_task_conditions,1,条件参考；非等级等价,需具体课程质检
MEDIA.A2.s1,识别常见公告目的,识别常见公告目的,accept_specification_with_task_conditions,0,条件参考；非等级等价,需具体课程质检
MEDIA.A2.s2,提取语音消息关键细节,提取语音消息关键细节,accept_specification_with_task_conditions,2,条件参考；非等级等价,需具体课程质检
MEDIA.A2.s3,依据消息采取行动,依据消息采取行动,accept_specification_with_task_conditions,2,条件参考；非等级等价,需具体课程质检
MEDIA.B1.s1,概括熟悉主题音频主旨,概括熟悉主题音频主旨,accept_specification_with_task_conditions,6,条件参考；非等级等价,需具体课程质检
MEDIA.B1.s2,提取相关细节,提取相关细节,accept_specification_with_task_conditions,0,条件参考；非等级等价,需具体课程质检
MEDIA.B1.s3,区分事件顺序,区分事件顺序,accept_specification_with_task_conditions,0,条件参考；非等级等价,需具体课程质检
MEDIA.B2.s1,区分访谈中各方观点,区分访谈中各方观点,accept_specification_with_task_conditions,1,条件参考；非等级等价,需具体课程质检
MEDIA.B2.s2,识别观点的论据,识别观点的论据,accept_specification_with_task_conditions,0,条件参考；非等级等价,需具体课程质检
MEDIA.B2.s3,概括节目主要信息,概括节目主要信息,accept_specification_with_task_conditions,4,条件参考；非等级等价,需具体课程质检
MEDIA.C1.s1,识别长音频的隐含结构,识别长音频的隐含结构,accept_specification_with_task_conditions,0,条件参考；非等级等价,需具体课程质检
MEDIA.C1.s2,追踪主题转换,追踪主题转换,accept_specification_with_task_conditions,0,条件参考；非等级等价,需具体课程质检
MEDIA.C1.s3,理解未明确表达的态度,理解未明确表达的态度,accept_specification_with_task_conditions,2,条件参考；非等级等价,需具体课程质检
MEDIA.C2.s1,跟进快速密集信息,跟进快速密集信息,accept_specification_with_task_conditions,1,条件参考；非等级等价,需具体课程质检
MEDIA.C2.s2,识别修辞与立场,识别修辞与立场,accept_specification_with_task_conditions,0,条件参考；非等级等价,需具体课程质检
MEDIA.C2.s3,解释字面意义和意图的差别,解释字面意义和意图的差别,accept_specification_with_task_conditions,1,条件参考；非等级等价,需具体课程质检
PHONE.A1.s1,识别来电者与目的,识别来电者与目的,accept_specification_with_task_conditions,1,条件参考；非等级等价,需具体课程质检
PHONE.A1.s2,在支持下提供简单信息,在支持下提供简单信息,accept_specification_with_task_conditions,1,条件参考；非等级等价,需具体课程质检
PHONE.A1.s3,确认并结束通话,确认并结束通话,accept_specification_with_task_conditions,2,条件参考；非等级等价,需具体课程质检
PHONE.A2.s1,说明预约需求并商定时间,说明预约需求并商定时间,accept_specification_with_task_conditions,2,条件参考；非等级等价,需具体课程质检
PHONE.A2.s2,留下简短语音消息,留下简短语音消息,accept_specification_with_task_conditions,1,条件参考；非等级等价,需具体课程质检
PHONE.A2.s3,听取并核对留言,听取并核对留言,accept_specification_with_task_conditions,1,条件参考；非等级等价,需具体课程质检
PHONE.B1.s1,说明熟悉事项的来电目的,说明熟悉事项的来电目的,accept_specification_with_task_conditions,3,条件参考；非等级等价,需具体课程质检
PHONE.B1.s2,请求重复或澄清听不清的部分,请求重复或澄清听不清的部分,accept_specification_with_task_conditions,3,条件参考；非等级等价,需具体课程质检
PHONE.B1.s3,确认通话结果,确认通话结果,accept_specification_with_task_conditions,2,条件参考；非等级等价,需具体课程质检
PHONE.B2.s1,说明通信故障并恢复交流,说明通信故障并恢复交流,accept_specification_with_task_conditions,1,条件参考；非等级等价,需具体课程质检
PHONE.B2.s2,协调多个远程限制条件,协调多个远程限制条件,accept_specification_with_task_conditions,1,条件参考；非等级等价,需具体课程质检
PHONE.B2.s3,总结并确认安排,总结并确认安排,accept_specification_with_task_conditions,2,条件参考；非等级等价,需具体课程质检
PHONE.C1.s1,管理远程会议发言轮次,管理远程会议发言轮次,accept_specification_with_task_conditions,2,条件参考；非等级等价,需具体课程质检
PHONE.C1.s2,澄清多方信息,澄清多方信息,accept_specification_with_task_conditions,1,条件参考；非等级等价,需具体课程质检
PHONE.C1.s3,总结决议并核查理解,总结决议并核查理解,accept_specification_with_task_conditions,0,条件参考；非等级等价,需具体课程质检
MEDIATE.A1.s1,提取要转告的时间,提取要转告的时间,accept_specification_with_task_conditions,0,条件参考；非等级等价,需具体课程质检
MEDIATE.A1.s2,提取价格或地点,提取价格或地点,accept_specification_with_task_conditions,0,条件参考；非等级等价,需具体课程质检
MEDIATE.A1.s3,准确转告给另一人,准确转告给另一人,accept_specification_with_task_conditions,0,条件参考；非等级等价,需具体课程质检
MEDIATE.A2.s1,提取简短消息的关键事实,提取简短消息的关键事实,accept_specification_with_task_conditions,1,条件参考；非等级等价,需具体课程质检
MEDIATE.A2.s2,转述指令的必要步骤,转述指令的必要步骤,accept_specification_with_task_conditions,2,条件参考；非等级等价,需具体课程质检
MEDIATE.A2.s3,核对接收者理解,核对接收者理解,accept_specification_with_task_conditions,0,条件参考；非等级等价,需具体课程质检
MEDIATE.B1.s1,概括他人的主要意见,概括他人的主要意见,accept_specification_with_task_conditions,3,条件参考；非等级等价,需具体课程质检
MEDIATE.B1.s2,区分原意见与自己的解释,区分原意见与自己的解释,accept_specification_with_task_conditions,0,条件参考；非等级等价,需具体课程质检
MEDIATE.B1.s3,根据第三人的需要改述,根据第三人的需要改述,accept_specification_with_task_conditions,2,条件参考；非等级等价,需具体课程质检
MEDIATE.B2.s1,分别呈现不同人的意见,分别呈现不同人的意见,accept_specification_with_task_conditions,3,条件参考；非等级等价,需具体课程质检
MEDIATE.B2.s2,指出分歧和共同点,指出分歧和共同点,accept_specification_with_task_conditions,1,条件参考；非等级等价,需具体课程质检
MEDIATE.B2.s3,转述以帮助澄清,转述以帮助澄清,accept_specification_with_task_conditions,1,条件参考；非等级等价,需具体课程质检
MEDIATE.C1.s1,定位复杂讨论的理解障碍,定位复杂讨论的理解障碍,accept_specification_with_task_conditions,0,条件参考；非等级等价,需具体课程质检
MEDIATE.C1.s2,调整语言帮助各方理解,调整语言帮助各方理解,accept_specification_with_task_conditions,4,条件参考；非等级等价,需具体课程质检
MEDIATE.C1.s3,核查共同理解是否建立,核查共同理解是否建立,accept_specification_with_task_conditions,1,条件参考；非等级等价,需具体课程质检
MEDIATE.C2.s1,精确重述复杂含蓄信息,精确重述复杂含蓄信息,accept_specification_with_task_conditions,1,条件参考；非等级等价,需具体课程质检
MEDIATE.C2.s2,保持原有立场和限定,保持原有立场和限定,accept_specification_with_task_conditions,0,条件参考；非等级等价,需具体课程质检
MEDIATE.C2.s3,消除歧义并核查各方理解,消除歧义并核查各方理解,accept_specification_with_task_conditions,0,条件参考；非等级等价,需具体课程质检
SOUND.CONTRAST.s1,听辨意义相关音差,听辨意义相关音差,accept_specification_with_task_conditions,0,条件参考；非等级等价,需具体课程质检
SOUND.CONTRAST.s2,在词中说出区别,在词中说出区别,accept_specification_with_task_conditions,0,条件参考；非等级等价,需具体课程质检
SOUND.CONTRAST.s3,在沟通中保持可理解,在沟通中保持可理解,accept_specification_with_task_conditions,0,条件参考；非等级等价,需具体课程质检
SOUND.ENDING.s1,听出词尾的关键意义,听出词尾的关键意义,accept_specification_with_task_conditions,0,条件参考；非等级等价,需具体课程质检
SOUND.ENDING.s2,说清必要词尾,说清必要词尾,accept_specification_with_task_conditions,0,条件参考；非等级等价,需具体课程质检
SOUND.ENDING.s3,核查是否造成数量或时间误解,核查是否造成数量或时间误解,accept_specification_with_task_conditions,0,条件参考；非等级等价,需具体课程质检
SOUND.SYLLABLE.s1,辨识音节与词重音,辨识音节与词重音,accept_specification_with_task_conditions,0,条件参考；非等级等价,需具体课程质检
SOUND.SYLLABLE.s2,根据声音说出陌生词,根据声音说出陌生词,accept_specification_with_task_conditions,0,条件参考；非等级等价,需具体课程质检
SOUND.SYLLABLE.s3,在句中保持词可识别,在句中保持词可识别,accept_specification_with_task_conditions,0,条件参考；非等级等价,需具体课程质检
SOUND.STRESS.s1,识别对方强调的信息,识别对方强调的信息,accept_specification_with_task_conditions,0,条件参考；非等级等价,需具体课程质检
SOUND.STRESS.s2,突出自己的焦点,突出自己的焦点,accept_specification_with_task_conditions,0,条件参考；非等级等价,需具体课程质检
SOUND.STRESS.s3,用对比重音纠正误解,用对比重音纠正误解,accept_specification_with_task_conditions,0,条件参考；非等级等价,需具体课程质检
SOUND.REDUCTION.s1,识别常见缩略形式,识别常见缩略形式,accept_specification_with_task_conditions,0,条件参考；非等级等价,需具体课程质检
SOUND.REDUCTION.s2,听辨熟悉词的弱读连读,听辨熟悉词的弱读连读,accept_specification_with_task_conditions,0,条件参考；非等级等价,需具体课程质检
SOUND.REDUCTION.s3,在原速新句中识别,在原速新句中识别,accept_specification_with_task_conditions,0,条件参考；非等级等价,需具体课程质检
SOUND.GROUP.s1,按意义切分信息,按意义边界分段说出信息，避免切断关键关系,revise_and_accept_specification,0,条件参考；非等级等价,需具体课程质检
SOUND.GROUP.s2,在合适边界停顿,在合适边界停顿,accept_specification_with_task_conditions,0,条件参考；非等级等价,需具体课程质检
SOUND.GROUP.s3,保持组块之间的关系,保持组块之间的关系,accept_specification_with_task_conditions,0,条件参考；非等级等价,需具体课程质检
SOUND.INTONATION.s1,识别疑问和态度信号,识别疑问和态度信号,accept_specification_with_task_conditions,0,条件参考；非等级等价,需具体课程质检
SOUND.INTONATION.s2,用语调标示表达意图,用语调标示表达意图,accept_specification_with_task_conditions,0,条件参考；非等级等价,需具体课程质检
SOUND.INTONATION.s3,用语调标示结束或继续,用语调标示结束或继续,accept_specification_with_task_conditions,0,条件参考；非等级等价,需具体课程质检
SOUND.VARIETY.s1,识别不同口音下的熟悉信息,识别不同口音下的熟悉信息,accept_specification_with_task_conditions,0,条件参考；非等级等价,需具体课程质检
SOUND.VARIETY.s2,适应新说话者,适应新说话者,accept_specification_with_task_conditions,0,条件参考；非等级等价,需具体课程质检
SOUND.VARIETY.s3,利用澄清修复理解,利用澄清修复理解,accept_specification_with_task_conditions,0,条件参考；非等级等价,需具体课程质检
LEX.RETRIEVE.s1,从意图提取已知表达,从意图提取已知表达,accept_specification_with_task_conditions,0,条件参考；非等级等价,需具体课程质检
LEX.RETRIEVE.s2,遮住答案独立说出,遮住答案独立说出,accept_specification_with_task_conditions,0,条件参考；非等级等价,需具体课程质检
LEX.RETRIEVE.s3,换情境后仍可提取,换情境后仍可提取,accept_specification_with_task_conditions,0,条件参考；非等级等价,需具体课程质检
LEX.CHUNK.s1,理解表达块的功能,理解表达块的功能,accept_specification_with_task_conditions,0,条件参考；非等级等价,需具体课程质检
LEX.CHUNK.s2,替换可变部分,替换可变部分,accept_specification_with_task_conditions,0,条件参考；非等级等价,需具体课程质检
LEX.CHUNK.s3,组合表达块完成新意思,组合表达块完成新意思,accept_specification_with_task_conditions,0,条件参考；非等级等价,需具体课程质检
LEX.PARAPHRASE.s1,描述缺失词的特征或用途,描述缺失词的特征或用途,accept_specification_with_task_conditions,1,条件参考；非等级等价,需具体课程质检
LEX.PARAPHRASE.s2,用更熟悉词改述,用更熟悉词改述,accept_specification_with_task_conditions,1,条件参考；非等级等价,需具体课程质检
LEX.PARAPHRASE.s3,确认对方理解,确认对方理解,accept_specification_with_task_conditions,0,条件参考；非等级等价,需具体课程质检
LEX.REGISTER.s1,判断对象与关系,根据给定对象与关系说明表达选择，或在互动中作出相应调整,revise_and_accept_specification,0,条件参考；非等级等价,需具体课程质检
LEX.REGISTER.s2,选择合适搭配和语气,选择合适搭配和语气,accept_specification_with_task_conditions,2,条件参考；非等级等价,需具体课程质检
LEX.REGISTER.s3,解释或修正不适切表达,解释或修正不适切表达,accept_specification_with_task_conditions,0,条件参考；非等级等价,需具体课程质检
FORM.QUESTION.s1,识别所需询问信息,识别所需询问信息,accept_specification_with_task_conditions,0,条件参考；非等级等价,需具体课程质检
FORM.QUESTION.s2,构造可理解问句,构造可理解问句,accept_specification_with_task_conditions,5,条件参考；非等级等价,需具体课程质检
FORM.QUESTION.s3,根据回应继续追问,根据回应继续追问,accept_specification_with_task_conditions,0,条件参考；非等级等价,需具体课程质检
FORM.TIME.s1,识别事件时间,识别事件时间,accept_specification_with_task_conditions,0,条件参考；非等级等价,需具体课程质检
FORM.TIME.s2,表达过去现在未来,表达过去现在未来,accept_specification_with_task_conditions,3,条件参考；非等级等价,需具体课程质检
FORM.TIME.s3,区分相互关联事件的先后,区分相互关联事件的先后,accept_specification_with_task_conditions,1,条件参考；非等级等价,需具体课程质检
FORM.CONDITION.s1,理解条件与结果,理解条件与结果,accept_specification_with_task_conditions,3,条件参考；非等级等价,需具体课程质检
FORM.CONDITION.s2,表达可能性和建议,表达可能性和建议,accept_specification_with_task_conditions,3,条件参考；非等级等价,需具体课程质检
FORM.CONDITION.s3,明确条件适用范围,明确条件适用范围,accept_specification_with_task_conditions,3,条件参考；非等级等价,需具体课程质检
DISCOURSE.LINK.s1,连接原因和结果,连接原因和结果,accept_specification_with_task_conditions,0,条件参考；非等级等价,需具体课程质检
DISCOURSE.LINK.s2,连接对比信息,连接对比信息,accept_specification_with_task_conditions,0,条件参考；非等级等价,需具体课程质检
DISCOURSE.LINK.s3,总结与前文一致的结论,总结与前文一致的结论,accept_specification_with_task_conditions,1,条件参考；非等级等价,需具体课程质检
DISCOURSE.HEDGE.s1,区分确定与不确定,区分确定与不确定,accept_specification_with_task_conditions,0,条件参考；非等级等价,需具体课程质检
DISCOURSE.HEDGE.s2,表达可信程度,表达可信程度,accept_specification_with_task_conditions,0,条件参考；非等级等价,需具体课程质检
DISCOURSE.HEDGE.s3,明确例外与适用范围,明确例外与适用范围,accept_specification_with_task_conditions,0,条件参考；非等级等价,需具体课程质检
STRATEGY.PLAN.s1,用关键词准备,用关键词准备,accept_specification_with_task_conditions,0,条件参考；非等级等价,需具体课程质检
STRATEGY.PLAN.s2,由提示过渡到独立表达,由提示过渡到独立表达,accept_specification_with_task_conditions,0,条件参考；非等级等价,需具体课程质检
STRATEGY.PLAN.s3,在新任务中快速组织内容,在新任务中快速组织内容,accept_specification_with_task_conditions,0,条件参考；非等级等价,需具体课程质检
STRATEGY.MONITOR.s1,发现影响意义的错误,发现表达与原意不一致时，指出并修复影响意义的错误,revise_and_accept_specification,0,条件参考；非等级等价,需具体课程质检
STRATEGY.MONITOR.s2,及时纠正,及时纠正,accept_specification_with_task_conditions,0,条件参考；非等级等价,需具体课程质检
STRATEGY.MONITOR.s3,核查纠正是否被理解,核查纠正是否被理解,accept_specification_with_task_conditions,0,条件参考；非等级等价,需具体课程质检
STRATEGY.TURN.s1,识别接话时机,根据当前话轮的结束或邀请信号接话，并保持内容相关,revise_and_accept_specification,1,条件参考；非等级等价,需具体课程质检
STRATEGY.TURN.s2,保持或接续发言,保持或接续发言,accept_specification_with_task_conditions,1,条件参考；非等级等价,需具体课程质检
STRATEGY.TURN.s3,交出轮次并回应,交出轮次并回应,accept_specification_with_task_conditions,1,条件参考；非等级等价,需具体课程质检
LEX.ACQUIRE.s1,建立声音和意义联系,建立声音和意义联系,accept_specification_with_task_conditions,0,条件参考；非等级等价,需具体课程质检
LEX.ACQUIRE.s2,听辨新词句,听辨新词句,accept_specification_with_task_conditions,0,条件参考；非等级等价,需具体课程质检
LEX.ACQUIRE.s3,从意图独立提取并组合,从意图独立提取并组合,accept_specification_with_task_conditions,0,条件参考；非等级等价,需具体课程质检
FORM.CLAUSE.s1,组合主语和谓语,组合主语和谓语,accept_specification_with_task_conditions,3,条件参考；非等级等价,需具体课程质检
FORM.CLAUSE.s2,补充必要对象或信息,补充必要对象或信息,accept_specification_with_task_conditions,2,条件参考；非等级等价,需具体课程质检
FORM.CLAUSE.s3,按意图调整基本句子,按意图调整基本句子,accept_specification_with_task_conditions,1,条件参考；非等级等价,需具体课程质检
FORM.NEGATION.s1,识别否定范围,识别否定范围,accept_specification_with_task_conditions,0,条件参考；非等级等价,需具体课程质检
FORM.NEGATION.s2,表达否定,表达否定,accept_specification_with_task_conditions,2,条件参考；非等级等价,需具体课程质检
FORM.NEGATION.s3,纠正对方不正确的信息,纠正对方不正确的信息,accept_specification_with_task_conditions,2,条件参考；非等级等价,需具体课程质检
FORM.QUANTITY.s1,理解数量与单位,理解数量与单位,accept_specification_with_task_conditions,0,条件参考；非等级等价,需具体课程质检
FORM.QUANTITY.s2,表达数量和程度,表达数量和程度,accept_specification_with_task_conditions,3,条件参考；非等级等价,需具体课程质检
FORM.QUANTITY.s3,比较并核查差异,比较并核查差异,accept_specification_with_task_conditions,0,条件参考；非等级等价,需具体课程质检
FORM.SPACE.s1,理解位置关系,理解位置关系,accept_specification_with_task_conditions,0,条件参考；非等级等价,需具体课程质检
FORM.SPACE.s2,说明方向与目标,说明方向与目标,accept_specification_with_task_conditions,3,条件参考；非等级等价,需具体课程质检
FORM.SPACE.s3,核查路线和位置,核查路线和位置,accept_specification_with_task_conditions,0,条件参考；非等级等价,需具体课程质检
DISCOURSE.REFERENCE.s1,使用明确指代,使用明确指代,accept_specification_with_task_conditions,0,条件参考；非等级等价,需具体课程质检
DISCOURSE.REFERENCE.s2,追踪指代对象,追踪指代对象,accept_specification_with_task_conditions,0,条件参考；非等级等价,需具体课程质检
DISCOURSE.REFERENCE.s3,必要时复述消除歧义,必要时复述消除歧义,accept_specification_with_task_conditions,0,条件参考；非等级等价,需具体课程质检
